Workbook

Sheet 표지·범례
A1: 2026 스포츠안전재단 손해구제 서비스 FGI 큐시트 v1.0
A2: 코리아스픽스 숙의공론컨설팅본부 · 작성 2026-09-06 · 근거: 실행계획안 및 진행 시나리오 v0.9.1, 회차별 현장 기록 문서 v0.7
A4: 1. 회차 일정
A5: 그룹 | B5: 일시 | C5: 장소 | D5: 대상 | E5: 큐시트 시트
A6: 그룹 1 · 사업 이용 고객 | B6: 2026-09-07(월) 14:00~16:00 | C6: 패스트파이브 서울역점 (서울 용산구 동자동 56 트윈시티 남산2) | D6: 민간·공공 체육단체, 체육시설 관리자, 선수, 동호인 (6~7명, 2025년 서비스 가입자) | E6: G1_큐시트
A7: 그룹 2 · 사업협력 단체 | B7: 2026-09-08(화) 14:00~16:00 | C7: 스포츠안전재단 교육장 (서울 송파구 올림픽로 424, 올림픽공원 테니스경기장 3층) | D7: 대한체육회, 시도체육회, 종목단체, 대학스포츠, 장애인체육 등 (현장 7명 + 서면 1명) | E7: G2_큐시트
A8: 그룹 3 · 손해구제 전문가 | B8: 2026-09-15(화) 14:00~16:00 | C8: 패스트파이브 삼성1호점 (서울 강남구 테헤란로87길 36 City Airport Tower 24층) | D8: 공제사·손해보험사·브로커·손해사정·학계 (현장 7명 + 서면 2~3명) | E8: G3_큐시트
A9: 그룹 4 · 재단 내부 관계자 | B9: 2026-09-17(목) 14:00~16:00 | C9: 스포츠안전재단 교육장 (서울 송파구 올림픽로 424, 올림픽공원 테니스경기장 3층) | D9: 재단 임직원 — 보임자 4명, 실무자 4명 (안전공제실 등 관련 부서, 개인 명단 미정) | E9: G4_큐시트
A11: 2. 시트 구성 (큐시트 3종)
A12: 시트 | B12: 용도 | C12: 보는 사람 | D12: 비고
A13: 공통_준비운영 | B13: D-3 · D-1 체크리스트, 회차별 날짜, 사후 일정 | C13: PM · 스탭 전원 | D13: 회차마다 반복 사용
A14: G1~G4_큐시트 | B14: 내부용 + 모더레이터용 겸용. 당일 준비(T-180분~) → 도입 → 파트별 질문 원문 → 마무리 → 종료 후 | C14: 모더레이터 · 스크립터 · 오거나이저 · 등록관리 · 기술 | D14: 모더레이터는 G~I열만 보면 된다. 스탭은 J열.
A15: 공유용_요약 | B15: 회차별 파트 시각표만 담은 대외용 | C15: 재단 담당자 · 참관자(시그널앤펄스) | D15: 질문 원문·연락처 없음. 그대로 공유 가능
A17: 3. 사용법 · 범례
A18: 입력 셀 (노란 바탕·파란 글씨) | B18: 각 회차 시트 C4 ‘시작 시각’과 파트 헤더의 소요(분). 나머지 시각은 수식으로 자동 계산된다.
A19: 회색 행 | B19: 당일 준비 (T-180분 ~ T=0). 시작 시각 기준 역산.
A20: 파란 굵은 행 | B20: 파트 헤더. 시작·종료·소요. 스크립터가 K열에 실제 시작 시각을 적는다.
A21: 하늘색 행 | B21: 송출 — 기술 스탭이 인터뷰룸 모니터를 전환하는 시점.
A22: 노란 행 | B22: 거수 — 오거나이저가 인원 수를 기록한다.
A23: 연두 행 | B23: 평가지 — 등록 관리가 배부·회수한다.
A24: 주황 행 | B24: 종료 후 — 파일 저장, 답례, 종료 직후 정리, 철수.
A26: 4. 운영 인력 (회차당 6인)
A27: 역할 | B27: 성명 | C27: 휴대전화 | D27: 담당 업무
A28: PM · 총괄 | B28: 이소연 차장 | D28: 일정·품질 총괄, 안전 대책, 종료 직후 정리 주관
A29: 모더레이터 | D29: 인터뷰룸 진행, 질문, 송출 시점 지시
A30: 스크립터 | D30: 모니터링룸 실시간 기록, 실제 시작 시각, 녹취록 초안
A31: 오거나이저 | D31: 모니터링룸 총괄, 거수 결과 기록, 모더레이터에 시그널
A32: 등록 관리 (2인) | D32: 등록데스크, 동의서·평가지 회수, 답례 지급, 참석 확인 전화
A33: 기술 | D33: 줌 카메라 3대, Plaud 2대, 화면 송출, 인터넷
A34: 참관 (시그널앤펄스 2인) | D34: 모니터링룸 참관
A35: ※ 노란 칸은 회차 확정 시 기입. 현장 기록 문서 v0.7에도 같은 칸이 비어 있다.
A37: 5. 확인 필요 (2026-09-06 기준)
A38: ☐ 사후 서면 의견 제출 채널(이메일·온라인 폼) — 그룹 1 마무리(9/7 15:50) 전 확정
A39: ☐ 그룹 2 예비 10분 배분 — 권장: 개선 제안·협력 확대 25분
A40: ☐ 운영 인력 성함·휴대전화, 비상 연락처(건물 관리실·재단 담당자·인근 병원)
A41: ☐ 그룹 4 참석자 개인 명단 (재단 전달 대기)
A42: ☐ 9/7은 그룹 1 D-day이자 그룹 2 D-1 — 종료 후 그룹 2 참석 확인 전화 1차·리허설 담당 지정

Sheet 공통_준비운영
A1: 공통 준비·운영 일정 (회차마다 반복)
A2: 표준: 코리아스픽스 업무표준 ③단계 3.2 FGD 항목 + 실행계획안 v0.9.1 추진 절차. 날짜는 2026-09-06 기준.
A4: 1. 회차별 날짜
A5: 시점 | B5: 그룹 1 | C5: 그룹 2 | D5: 그룹 3 | E5: 그룹 4 | F5: 비고
A6: D-3 준비 점검 | B6: 9/4(금) | C6: 9/4(금)에 함께 | D6: 9/11(금) | E6: 9/14(월) | F6: 주말이면 직전 금요일
A7: D-1 리허설 · 참석 확인 1차 | B7: 9/6(일) | C7: 9/7(월) 그룹 1 종료 직후 | D7: 9/14(월) | E7: 9/16(수)
A8: D-day | B8: 9/7(월) | C8: 9/8(화) | D8: 9/15(화) | E8: 9/17(목) | F8: 14:00~16:00
A9: D+1 서면 평가지 입력 | B9: 9/8(화) | C9: 9/9(수) | D9: 9/16(수) | E9: 9/18(금)
A10: 사후 서면 의견 마감 (3영업일) | B10: 9/10(목) | C10: 9/11(금) | D10: 9/18(금) | E10: 9/22(화)
A11: 녹취록 완성 (D+10) | B11: 9/17(목) | C11: 9/18(금) | D11: 9/23(수) ※ | E11: 9/23(수) 또는 9/29(화) ※ | F11: ※ 추석 연휴(9/24~9/28 예상) 회피, 재단 협의
A13: 2. D-3 체크리스트
A14: 시점 | B14: 업무 | E14: 담당 | F14: 확인
A15: D-3 | B15: 장소 인터넷(Wi-Fi·유선) 계정·속도·동시 접속 가능 대수 확인 | E15: 기술 | F15: ☐
A16: D-3 | B16: 모니터링룸 책상·의자 = 참관 인원 + 스탭 3인 요청 (재단 교육장은 재단 담당자 경유) | E16: 등록관리 | F16: ☐
A17: D-3 | B17: 모더레이터 사전 브리핑 60분 — 과업 목적·조사 설계·재단 사업 구조·관련 법령 4종·그룹별 질문 의도·송출 자료 | E17: PM | F17: ☐
A18: D-3 | B18: 참석 확정자 안내 문자 2차 (일시·장소·대중교통·주차) | E18: 등록관리 | F18: ☐
A19: D-3 | B19: 서면 평가지·동의서·답례 서류·명패·사후 의견 안내문 인쇄 (인원 + 5부) | E19: 등록관리 | F19: ☐
A20: D-3 | B20: 대체 참석자 Pool 5명 이상 확보 상태 확인, 서면 참여자에게 질문지·평가지 발송 | E20: PM | F20: ☐
A22: 3. D-1 체크리스트
A23: 시점 | B23: 업무 | E23: 담당 | F23: 확인
A24: D-1 | B24: 진행 리허설 — 큐시트 순서대로 스크립트 낭독, 송출 자료 전환, 줌·녹음 동선 | E24: PM | F24: ☐
A25: D-1 | B25: 참석 확인 전화 1차 (R.S.V.P), 불참 시 대체 Pool 즉시 충원 | E25: 등록관리 | F25: ☐
A26: D-1 | B26: 모니터링룸 참관자에게 일시·장소·주차·노트북 지참 안내 | E26: 오거나이저 | F26: ☐
A27: D-1 | B27: 패킹리스트 ‘담음’ 체크 — 서류·명패·노트북 2·줌 카메라 3·Plaud 2·멀티탭·랜선·테더링·다과 | E27: 등록관리 · 기술 | F27: ☐
A28: D-1 | B28: 큐시트·현장 기록 문서에 운영 인력 성함·휴대전화, 비상 연락처 기입, 모더레이터·스크립터용 2부 인쇄 | E28: PM | F28: ☐
A29: D-1 | B29: Plaud 2대·노트북·보조배터리 완충, 송출 자료 오프라인 사본 저장 | E29: 기술 | F29: ☐
A31: 4. 사후 일정
A32: 시점 | B32: 업무 | E32: 담당 | F32: 확인
A33: D+1 | B33: 서면 평가지 입력, 녹화·녹음 파일 백업, 종료 직후 정리 내용 flow 게시 | E33: 등록관리 · PM | F33: ☐
A34: D+3영업일 | B34: 사후 서면 의견 취합 마감 → 출처 표시 후 그룹·주제별 코딩 | E34: PM | F34: ☐
A35: D+10 | B35: 녹취록 완성 — Plaud AI 초안 + 스크립터 교정, 발언별 주제 코드(A~J) 부여 | E35: 스크립터 | F35: ☐
A36: 녹취록 +5일 | B36: 회차 분석 보고서 (Key Findings, 긍·부정 코딩, 정량조사 상이 지점) | E36: 연구원 | F36: ☐
A37: D+7 ~ D+14 | B37: 참석자 답례비·스탭 급여·장소 대관 정산 | E37: 연구원 | F37: ☐
A38: 10/12(월) 목표 | B38: 종합 보고서 초안 (재단 납기 확정 시 갱신) | E38: PM | F38: ☐

Sheet G1_큐시트
A1: [그룹 1 · 사업 이용 고객] 스포츠안전재단 손해구제 서비스 FGI 큐시트
A2: 2026-09-07(월) · 패스트파이브 서울역점 (서울 용산구 동자동 56 트윈시티 남산2)
A3: 대상: 민간·공공 체육단체, 체육시설 관리자, 선수, 동호인 (6~7명, 2025년 서비스 가입자)
A4: 시작 시각 | C4: 14:00 | D4: ← 실제 시작이 늦어지면 이 셀만 수정 (전체 시각 자동 재계산)
A5: 도입 브리핑 | C5: 사업명 변경 안내만 (특장점 브리핑 없음)
A6: 송출 자료 | C6: 가입 화면 · AI 상담 화면 · 법령 안내 슬라이드 · 법령 슬라이드: https://docs.google.com/presentation/d/1qNKAob6CdE12D9baQVkZxUtktVQAWlEgfi2QJ_5gaso/edit
A8: No. | B8: 시작 | C8: 종료 | D8: 소요(분) | E8: 파트 | F8: 구분 | G8: 진행 내용 (모더레이터 멘트 · 질문 원문) | H8: 송출 · 자료 | I8: 담당 | J8: 스탭 액션 (모니터링룸 · 등록 · 기술) | K8: 실제 시각 · 기록
A9: 1 | B9: =$C$4-180/1440 -> 0.45833333 | D9: T-180분 | E9: 당일 준비 | F9: 참석 확인 | G9: 참석 확인 전화 2차 — 불참 발생 시 대체 Pool에서 즉시 충원, 좌석·명패 재조정 | I9: 등록관리
A10: 2 | B10: =$C$4-90/1440 -> 0.52083333 | D10: T-90분 | E10: 당일 준비 | F10: 집결 | G10: 스탭 현장 집결·입실 (대관 장소는 예약 시작 시각 확인). 비상구·소화기·대피로 확인 | I10: 전원 · 기술
A11: 3 | B11: =$C$4-80/1440 -> 0.52777778 | D11: T-80분 | E11: 당일 준비 | F11: 현장 미팅 | G11: 역할·동선·비상 연락처·오늘 회차 특이사항(참석 인원, 서면 참여자, 참관자) 공유 | I11: PM
A12: 4 | B12: =$C$4-60/1440 -> 0.54166667 | D12: T-60분 | E12: 당일 준비 | F12: 세팅 | G12: 인터뷰룸 좌석(원형·ㄷ자)·탁상 명패(P번호)·좌석배치표 배치 / 음료·종이컵·냅킨(여분 10%) / 모니터링룸 책상·의자·좌석별 전원 | I12: 등록관리
A13: 5 | B13: =$C$4-45/1440 -> 0.55208333 | D13: T-45분 | E13: 당일 준비 | F13: 기술 | G13: 줌 카메라 3대 연결, 모니터링룸 화면·음향 확인 / 두 방 인터넷 속도 확인(끊기면 테더링) / 노트북별 전원·인터넷·현장 기록 문서 접속 / Plaud 2대 충전·녹음 대기 | I13: 기술
A14: 6 | B14: =$C$4-30/1440 -> 0.5625 | D14: T-30분 | E14: 당일 준비 | F14: 송출 준비 | G14: 송출 자료 순서대로 탭 열기 · 현장 기록 문서를 모더레이터 노트북에 열람 상태로 · 현장 리허설 1회전(송출 전환, 모니터링룸 화면·음향) | I14: 기술
A15: 7 | B15: =$C$4-20/1440 -> 0.56944444 | D15: T-20분 | E15: 당일 준비 | F15: 리마인드 | G15: 모더레이터 리마인드 — 첫 5분 진행 순서와 송출 시점 재확인. 참관자 착석·개인정보 원칙(번호 사용·촬영 금지) 안내 | I15: PM · 오거나이저
A16: 8 | B16: =$C$4-10/1440 -> 0.57638889 | D16: T-10분 | E16: 당일 준비 | F16: 등록 | G16: 등록 개시 — 인적 사항 확인, 명패 배부·좌석 안내, 녹음·녹화 동의서 서명, 사전 서면 평가지 배부·회수, 답례 지급 정보 서류 수령 | I16: 등록관리
A17: 9 | B17: =$C$4 -> 14:00 | D17: T=0 | E17: 당일 준비 | F17: 시작 | G17: 녹화·녹음 개시 — 줌 녹화 + Plaud 2대, 2인 육안 확인. 지각자는 시작 후 10분까지 입장 허용 | I17: 기술 · 등록관리
A18: 10 | B18: =$C$4 -> 14:00 | C18: =B18+D18/1440 -> 0.59027778 | D18: 10 | E18: 도입 | F18: 파트 | G18: ▶ 도입 (10분) | J18: 스크립터: 실제 시작 시각 기입 · 오거나이저: 예정 종료 5분 전 모더레이터에 시그널
A19: 11 | F19: 안내 | G19: 인사 — 오늘 참석해 주셔서 감사합니다. 지금부터 스포츠안전재단 손해구제 서비스 집단심층면접을 시작하겠습니다. | I19: 모더레이터
A20: 12 | F20: 소개 | G20: 모더레이터 소개 — 진행을 맡은 (소속·성명)입니다. 오늘은 정답을 찾는 자리가 아니라 여러분의 경험과 의견을 듣는 자리입니다. | I20: 모더레이터
A21: 13 | F21: 소개 | G21: 조사기관 소개 — 이 조사는 재단과 별개의 제3기관인 코리아스픽스가 수행합니다. | I21: 모더레이터
A22: 14 | F22: 확인 | G22: 참석자 확인 — 명패의 응답자 번호를 확인해 주십시오. 오늘은 성명 대신 번호로 부르겠습니다. | H22: 탁상 명패(P번호) | I22: 모더레이터 | J22: 등록관리: 미서명자 즉시 확인
A23: 15 | F23: 확인 | G23: 녹화·녹음 동의서 서명과 사전 서면 평가지 회수 여부를 확인한다. | H23: 동의서 · 사전 서면 평가지 | I23: 등록관리 | J23: 등록관리: 미서명자 즉시 확인
A24: 16 | F24: 안내 | G24: 진행 안내 — 120분간 쉬는 시간 없이 진행합니다. 화장실은 필요하실 때 다녀오셔도 됩니다. | I24: 모더레이터
A25: 17 | F25: 안내 | G25: 비밀보장 — 발언은 분석 목적으로만 쓰며 보고서에는 성명 없이 인용됩니다. 답변을 원하지 않으시면 넘어가셔도 됩니다. 중도 퇴장도 가능합니다. | I25: 모더레이터
A26: 18 | F26: 안내 | G26: 발언 규칙 — 서로 다른 의견이 그대로 나오는 것이 좋습니다. 한 분씩 말씀해 주시고 다른 분 의견을 반박하지 않으셔도 됩니다. | I26: 모더레이터
A27: 19 | F27: 소개 | G27: 참석자 자기소개 — 번호 순서로 소속과 재단 서비스 이용 경험을 한 줄씩 말씀해 주십시오. | I27: 모더레이터
A28: 20 | F28: 안내 | G28: 사업명 변경 안내 — 재단 사업명이 기존 ‘공제 서비스’에서 ‘손해구제 서비스’로 변경되었습니다. 기존 ‘스포츠안전공제’가 보험 중심의 다소 한정적인 의미였다면, ‘손해구제 서비스’는 스포츠 활동 중 사고 발생 전·중·후 체육인에게 발생할 수 있는 다양한 손해를 폭넓게 구제한다는 의미입니다. 기존 공제보험도 손해구제 서비스에 포함되며, 오늘 논의의 주요 대상은 기존 공제보험입니다. | I28: 모더레이터
A29: 21 | B29: =B18+D18/1440 -> 0.59027778 | C29: =B29+D29/1440 -> 0.59722222 | D29: 10 | E29: 인지·가입 경로 | F29: 파트 | G29: ▶ 인지·가입 경로 (10분) | J29: 스크립터: 실제 시작 시각 기입 · 오거나이저: 예정 종료 5분 전 모더레이터에 시그널
A30: 22 | F30: 질문 | G30: 손해구제 서비스 도입 경로와 첫인상은 어떠했습니까? ① 소속 단체·협회/행사 주최 측 안내 ② 재단 홈페이지·SNS ③ 인터넷 검색 ④ 체육시설·지도자 안내 ⑤ 지인 추천 ⑥ 기타 | I30: 모더레이터
A31: 23 | F31: 거수 | G31: 〔도입 경로〕 ①~⑥ → 인원 | I31: 오거나이저 | J31: 오거나이저: 인원 수 기록 → 스크립터 공유
A32: 24 | F32: 질문 | G32: 가입 전 민간 보험사 상품과 비교해 보셨습니까? (비교한 경우) 재단 상품을 선택한 결정적 이유는 무엇입니까? | I32: 모더레이터
A33: 25 | F33: 질문 | G33: 도입 채널과 그 채널을 선택한 이유는 무엇입니까? ① 온라인 직접 가입 ② 소속 단체 일괄 가입 ③ 전화·오프라인 가입 | I33: 모더레이터
A34: 26 | B34: =B29+D29/1440 -> 0.59722222 | C34: =B34+D34/1440 -> 0.60763889 | D34: 15 | E34: 가입 절차 (정량 A 연동) | F34: 파트 | G34: ▶ 가입 절차 (정량 A 연동) (15분) | J34: 스크립터: 실제 시작 시각 기입 · 오거나이저: 예정 종료 5분 전 모더레이터에 시그널
A35: 27 | F35: 질문 | G35: 가입 절차는 전반적으로 어땠습니까? (간편 / 보통 / 번거로웠다) | I35: 모더레이터
A36: 28 | F36: 질문 | G36: 무심사 가입(병력·부상 이력 무관)의 편의성을 실제로 체감하셨습니까? | I36: 모더레이터
A37: 29 | F37: 질문 | G37: 가입 과정에서 중단하고 싶었거나 불편했던 순간이 있었습니까? — 구체적 에피소드로 청취 | I37: 모더레이터
A38: 30 | F38: 송출 | G38: 인터뷰룸 모니터에 재단 홈페이지 가입 화면을 띄운다. | H38: 재단 홈페이지 가입 화면 | I38: 기술 | J38: 기술: 인터뷰룸 모니터 전환
A39: 31 | F39: 질문 | G39: 온라인(모바일) 가입 화면과 소요시간은 적절했습니까? | I39: 모더레이터
A40: 32 | F40: 송출 | G40: 인터뷰룸 모니터에 AI 상담 화면을 띄운다. | H40: AI 상담 화면 | I40: 기술 | J40: 기술: 인터뷰룸 모니터 전환
A41: 33 | F41: 질문 | G41: AI 상담 서비스를 이용해 보셨습니까? 경험은 어땠습니까? | I41: 모더레이터
A42: 34 | B42: =B34+D34/1440 -> 0.60763889 | C42: =B42+D42/1440 -> 0.61458333 | D42: 10 | E42: 콜센터·고객센터 (정량 B 연동) | F42: 파트 | G42: ▶ 콜센터·고객센터 (정량 B 연동) (10분) | J42: 스크립터: 실제 시작 시각 기입 · 오거나이저: 예정 종료 5분 전 모더레이터에 시그널
A43: 35 | F43: 질문 | G43: 문의할 때 주로 어떤 채널을 이용하십니까? ① 콜센터(전화) ② 이메일 ③ 홈페이지 온라인 문의 ④ 경험 없음 | I43: 모더레이터
A44: 36 | F44: 거수 | G44: 〔문의 채널〕 ①~④ → 인원 | I44: 오거나이저 | J44: 오거나이저: 인원 수 기록 → 스크립터 공유
A45: 37 | F45: 질문 | G45: 그 채널을 고르는 기준은 무엇입니까? | I45: 모더레이터
A46: 38 | F46: 질문 | G46: 직원·상담원 응대와 상담 품질은 어땠습니까? 기억에 남는 좋았던·아쉬웠던 상담이 있습니까? | I46: 모더레이터
A47: 39 | B47: =B42+D42/1440 -> 0.61458333 | C47: =B47+D47/1440 -> 0.62152778 | D47: 10 | E47: 상품 정보 이해 (정량 C 연동) | F47: 파트 | G47: ▶ 상품 정보 이해 (정량 C 연동) (10분) | J47: 스크립터: 실제 시작 시각 기입 · 오거나이저: 예정 종료 5분 전 모더레이터에 시그널
A48: 40 | F48: 질문 | G48: 상품 정보는 주로 어디에서 얻으십니까? ① 재단 홈페이지 ② 콜센터 ③ 소속 단체·담당자 ④ 가입 시 안내자료 ⑤ 지인 | I48: 모더레이터
A49: 41 | F49: 질문 | G49: 홈페이지 등에서 정보를 찾다가 어려웠거나 포기했던 경험이 있습니까? 어떤 정보였습니까? | I49: 모더레이터
A50: 42 | F50: 질문 | G50: 가입한 상품의 보장 내용을 얼마나 정확히 알고 계십니까? | I50: 모더레이터
A51: 43 | F51: 질문 | G51: 재단의 여러 서비스(상품 9종) 간에 헷갈렸던 경험이 있습니까? 어떤 부분이 혼동됩니까? | I51: 모더레이터
A52: 44 | B52: =B47+D47/1440 -> 0.62152778 | C52: =B52+D52/1440 -> 0.63194444 | D52: 15 | E52: 상품·회비 (정량 D 연동) | F52: 파트 | G52: ▶ 상품·회비 (정량 D 연동) (15분) | J52: 스크립터: 실제 시작 시각 기입 · 오거나이저: 예정 종료 5분 전 모더레이터에 시그널
A53: 45 | F53: 질문 | G53: 가장 만족하는 보장은 무엇입니까? (치료비 / 배상책임 / 입·통원 일당 / 골절 특화 / 실손 중복보상 등) | I53: 모더레이터
A54: 46 | F54: 질문 | G54: 보장되지 않아 불안한 위험이 있습니까? (있다면) 보장 공백 인식 청취 | I54: 모더레이터
A55: 47 | F55: 질문 | G55: 회비(공제료) 수준은 어떻다고 느끼십니까? (비싸다 / 적정하다 / 저렴하다) | I55: 모더레이터
A56: 48 | F56: 거수 | G56: 〔회비 수준〕 비싸다 / 적정 / 저렴 → 인원 | I56: 오거나이저 | J56: 오거나이저: 인원 수 기록 → 스크립터 공유
A57: 49 | F57: 질문 | G57: 보상액 수준은 적정합니까? 타 손해보험사 상품과 비교하면 어떻습니까? | I57: 모더레이터
A58: 50 | B58: =B52+D52/1440 -> 0.63194444 | C58: =B58+D58/1440 -> 0.64583333 | D58: 20 | E58: 보험금 청구 (정량 E 연동 · 청구 경험자 중심) | F58: 파트 | G58: ▶ 보험금 청구 (정량 E 연동 · 청구 경험자 중심) (20분) | J58: 스크립터: 실제 시작 시각 기입 · 오거나이저: 예정 종료 5분 전 모더레이터에 시그널
A59: 51 | F59: 질문 | G59: 보상 청구 경험을 처음부터 끝까지 말씀해 주십시오. — 상담 → 접수 → 처리 과정 → 결과 수용 순으로 사례 청취 | I59: 모더레이터
A60: 52 | F60: 질문 | G60: 청구 과정에서 안내는 충분했습니까? 부족하거나 헤매던 지점은 어디였습니까? | I60: 모더레이터
A61: 53 | F61: 질문 | G61: 청구부터 지급까지 걸린 기간은 어떻게 체감하셨습니까? (빨랐다 / 적당했다 / 오래 걸렸다) | I61: 모더레이터
A62: 54 | F62: 질문 | G62: 청구 절차와 지급 과정에서 만족·불만 포인트는 무엇이었습니까? | I62: 모더레이터
A63: 55 | F63: 질문 | G63: 보상 거절·불만 경험이 있습니까? | I63: 모더레이터
A64: 56 | F64: 질문 | G64: 이의제기 절차가 있다는 것을 알고 계셨습니까? (알고 있었다 / 몰랐다) | I64: 모더레이터
A65: 57 | F65: 거수 | G65: 〔이의제기 절차 인지〕 알았다 / 몰랐다 → 인원 | I65: 오거나이저 | J65: 오거나이저: 인원 수 기록 → 스크립터 공유
A66: 58 | F66: 질문 | G66: 처리 이후 사후 안내는 충분했습니까? | I66: 모더레이터
A67: 59 | B67: =B58+D58/1440 -> 0.64583333 | C67: =B67+D67/1440 -> 0.65277778 | D67: 10 | E67: 법·제도 인식 | F67: 파트 | G67: ▶ 법·제도 인식 (10분) | J67: 스크립터: 실제 시작 시각 기입 · 오거나이저: 예정 종료 5분 전 모더레이터에 시그널
A68: 60 | F68: 질문 | G68: 「생활체육진흥법」 제12조, 「체육인 복지법」 제9조, 「체육시설의 설치·이용에 관한 법률」 제26조 및 적용 대상의 「중대재해 처벌 등에 관한 법률」 등 스포츠 활동·시설의 보험·공제 가입과 안전책임 관련 제도를 어느 정도 알고 계십니까? — 법률별 거수 (송출 전 응답 확정) | I68: 모더레이터
A69: 61 | F69: 거수 | G69: 〔법령 인지 (4개 법령 각각)〕 ① 내용까지 안다 ② 들어봤다 ③ 처음 듣는다 → 인원 | I69: 오거나이저 | J69: 오거나이저: 인원 수 기록 → 스크립터 공유
A70: 62 | F70: 질문 | G70: 생활체육·전문체육 대회나 강습을 개최할 때 재난안전의무보험 가입(대인 담보 1억 5천만 원 이상)이 법으로 의무화되어 있다는 것을 알고 계십니까? ① 가입 기준(대인 1.5억 이상)까지 알고 있다 ② 의무라는 것만 들어봤다 ③ 처음 듣는다 | I70: 모더레이터
A71: 63 | F71: 거수 | G71: 〔재난안전의무보험 기준 인지〕 ① 1.5억까지 안다 ② 의무만 들어봤다 ③ 처음 듣는다 → 인원 | I71: 오거나이저 | J71: 오거나이저: 인원 수 기록 → 스크립터 공유
A72: 64 | F72: 송출 | G72: 인터뷰룸 모니터에 법령 안내 슬라이드 6장을 띄운다. 인지 확인(거수) → 슬라이드 송출 → 경험·의견 청취 순. 사실 전달에 한정하고 법령 해석 요구 시 재단 고객상담(1899-0547) 안내. | H72: 법령 안내 슬라이드 (https://docs.google.com/presentation/d/1qNKAob6CdE12D9baQVkZxUtktVQAWlEgfi2QJ_5gaso/edit) | I72: 기술 | J72: 기술: 인터뷰룸 모니터 전환
A73: 65 | F73: 질문 | G73: 의무가입 제도에 대해 어떻게 인식하십니까? | I73: 모더레이터
A74: 66 | F74: 질문 | G74: (대회·행사 주최 경험자) 주최자배상책임공제의 대인 담보 한도를 어떤 기준으로 정하셨습니까? 1억 5천만 원 이상 요건을 확인하고 가입하셨습니까? | I74: 모더레이터
A75: 67 | F75: 질문 | G75: 이 의무가입 기준이 현장에서 잘 지켜지고 있다고 보십니까? 지키기 어렵게 만드는 요인은 무엇입니까? | I75: 모더레이터
A76: 68 | F76: 질문 | G76: (체육시설 관리자·대회 운영자) 관련 법령상 의무가 실제 가입·운영 결정에 어떤 영향을 미치며, 준수 과정에서 필요한 지원은 무엇입니까? | I76: 모더레이터
A77: 69 | B77: =B67+D67/1440 -> 0.65277778 | C77: =B77+D77/1440 -> 0.65972222 | D77: 10 | E77: 종합·NPS·신규 수요 | F77: 파트 | G77: ▶ 종합·NPS·신규 수요 (10분) | J77: 스크립터: 실제 시작 시각 기입 · 오거나이저: 예정 종료 5분 전 모더레이터에 시그널
A78: 70 | F78: 질문 | G78: 재가입 의향이 있으십니까? (반드시 재가입 / 아마 재가입 / 잘 모르겠다 / 의향 없다) | I78: 모더레이터
A79: 71 | F79: 거수 | G79: 〔재가입 의향〕 반드시 / 아마 / 모르겠다 / 없다 → 인원 | I79: 오거나이저 | J79: 오거나이저: 인원 수 기록 → 스크립터 공유
A80: 72 | F80: 질문 | G80: 주변에 추천할 의향을 0~10점으로 매긴다면 몇 점입니까? 그 점수를 준 이유는 무엇입니까? 계속 선택하게 하는(또는 떠나게 만들) 가장 큰 이유 한 가지는 무엇입니까? | I80: 모더레이터
A81: 73 | F81: 거수 | G81: 〔NPS 0~10〕 참석자별 점수를 그대로 적는다 (P1~P8) | I81: 오거나이저 | J81: 오거나이저: 인원 수 기록 → 스크립터 공유
A82: 74 | F82: 질문 | G82: 이런 보장이 새로 생기면 가입 의향이 있는 것을 모두 골라 주십시오. ① 하루 단위 소액·간편형 ② 상해·재활·소득보전형 ③ 단기·이벤트성 활동 보장 ④ 비인기·고위험 종목 보장 확대 | I82: 모더레이터
A83: 75 | F83: 거수 | G83: 〔신규 담보 (복수)〕 ①~④ → 인원 | I83: 오거나이저 | J83: 오거나이저: 인원 수 기록 → 스크립터 공유
A84: 76 | F84: 질문 | G84: (과거 이용 경험자) 예전과 비교해 서비스가 나아졌다고 체감하는 부분이 있습니까? | I84: 모더레이터
A85: 77 | F85: 질문 | G85: 딱 하나만 개선한다면 어느 영역이 1순위입니까? ① 가입 절차 ② 고객센터 ③ 상품 정보 ④ 보장·회비 ⑤ 보험금 청구 (택1 거수 후 이유 토의) | I85: 모더레이터
A86: 78 | F86: 거수 | G86: 〔개선 1순위 (택1)〕 ①~⑤ → 인원 | I86: 오거나이저 | J86: 오거나이저: 인원 수 기록 → 스크립터 공유
A87: 79 | B87: =B77+D77/1440 -> 0.65972222 | C87: =B87+D87/1440 -> 0.66666667 | D87: 10 | E87: 마무리 | F87: 파트 | G87: ▶ 마무리 (10분) | J87: 스크립터: 실제 시작 시각 기입 · 오거나이저: 예정 종료 5분 전 모더레이터에 시그널
A88: 80 | F88: 질문 | G88: 못다 한 의견을 자유롭게 말씀해 주십시오. | I88: 모더레이터
A89: 81 | F89: 안내 | G89: FGI 종료 후 3영업일 이내 추가 서면 의견 접수 안내 — 제출 이메일·온라인 폼 링크와 기한을 읽어 준다. 〔확인 필요: 제출 채널 확정〕 | H89: 사후 서면 의견서 안내문 | I89: 모더레이터
A90: 82 | F90: 안내 | G90: 답례 안내 · 주차 안내 · 감사 인사 | H90: 답례 지급 정보 서류 | I90: 모더레이터
A91: 83 | B91: =C87 -> 0.66666667 | D91: 종료 | E91: 종료 후 | F91: 종료 | G91: 녹화·녹음 종료, 파일명 규칙에 따라 지정 폴더 저장(개인 기기 저장 금지) / 답례 지급·서류 회수(즉시 봉투 보관) / 사후 서면 의견 안내문 배부 | I91: 기술 · 등록관리
A92: 84 | B92: =C87+5/1440 -> 0.67013889 | D92: 종료+5분 | E92: 종료 후 | F92: 종료 직후 정리 | G92: Key Findings 3개, 인용 발언 3개(번호·시각), 정량조사와 상이한 지점, 차기 회차 보완 사항(질문 순서·시간 배분·송출 자료) 기입 | I92: PM 주관 · 전원
A93: 85 | B93: =C87+30/1440 -> 0.6875 | D93: 종료+30분 | E93: 종료 후 | F93: 철수 | G93: 패킹리스트 ‘도착’ 역순 확인, 원상 복구, 퇴실 | I93: 전원
E95: 파트 소요 합계(분) | F95: =SUMIF(F9:F93,"파트",D9:D93) -> 120 | G95: =IF(F95=120,"OK — 120분","확인 필요: 파트 합이 120분이 아님") -> OK — 120분
E96: 예정 종료 | F96: =C87 -> 0.66666667
A98: 범례: 회색=당일 준비 · 파란 굵은 행=파트 헤더(소요 분은 파란 글씨 입력값) · 하늘색=송출 · 노랑=거수 · 연두=평가지 · 주황=종료 후. 시각은 C4 시작 시각에서 자동 계산.
A99: 출처: 스포츠안전재단 FGI 실행계획안 및 진행 시나리오 v0.9.1(2026-09-05), 회차별 현장 기록 문서 v0.7, 클라이언트 추가요구사항(2026-09-03).

Sheet G2_큐시트
A1: [그룹 2 · 사업협력 단체] 스포츠안전재단 손해구제 서비스 FGI 큐시트
A2: 2026-09-08(화) · 스포츠안전재단 교육장 (서울 송파구 올림픽로 424, 올림픽공원 테니스경기장 3층)
A3: 대상: 대한체육회, 시도체육회, 종목단체, 대학스포츠, 장애인체육 등 (현장 7명 + 서면 1명)
A4: 시작 시각 | C4: 14:00 | D4: ← 실제 시작이 늦어지면 이 셀만 수정 (전체 시각 자동 재계산)
A5: 도입 브리핑 | C5: 사업명 변경 안내 + 재단 서비스 특장점 3가지 슬라이드(약 5분) → 직후 G2-10·11 평가지 작성·회수
A6: 송출 자료 | C6: 특장점 3가지 슬라이드 · 법령 안내 슬라이드 · 법령 슬라이드: https://docs.google.com/presentation/d/1qNKAob6CdE12D9baQVkZxUtktVQAWlEgfi2QJ_5gaso/edit
A8: No. | B8: 시작 | C8: 종료 | D8: 소요(분) | E8: 파트 | F8: 구분 | G8: 진행 내용 (모더레이터 멘트 · 질문 원문) | H8: 송출 · 자료 | I8: 담당 | J8: 스탭 액션 (모니터링룸 · 등록 · 기술) | K8: 실제 시각 · 기록
A9: 1 | B9: =$C$4-180/1440 -> 0.45833333 | D9: T-180분 | E9: 당일 준비 | F9: 참석 확인 | G9: 참석 확인 전화 2차 — 불참 발생 시 대체 Pool에서 즉시 충원, 좌석·명패 재조정 | I9: 등록관리
A10: 2 | B10: =$C$4-90/1440 -> 0.52083333 | D10: T-90분 | E10: 당일 준비 | F10: 집결 | G10: 스탭 현장 집결·입실 (대관 장소는 예약 시작 시각 확인). 비상구·소화기·대피로 확인 | I10: 전원 · 기술
A11: 3 | B11: =$C$4-80/1440 -> 0.52777778 | D11: T-80분 | E11: 당일 준비 | F11: 현장 미팅 | G11: 역할·동선·비상 연락처·오늘 회차 특이사항(참석 인원, 서면 참여자, 참관자) 공유 | I11: PM
A12: 4 | B12: =$C$4-60/1440 -> 0.54166667 | D12: T-60분 | E12: 당일 준비 | F12: 세팅 | G12: 인터뷰룸 좌석(원형·ㄷ자)·탁상 명패(P번호)·좌석배치표 배치 / 음료·종이컵·냅킨(여분 10%) / 모니터링룸 책상·의자·좌석별 전원 | I12: 등록관리
A13: 5 | B13: =$C$4-45/1440 -> 0.55208333 | D13: T-45분 | E13: 당일 준비 | F13: 기술 | G13: 줌 카메라 3대 연결, 모니터링룸 화면·음향 확인 / 두 방 인터넷 속도 확인(끊기면 테더링) / 노트북별 전원·인터넷·현장 기록 문서 접속 / Plaud 2대 충전·녹음 대기 | I13: 기술
A14: 6 | B14: =$C$4-30/1440 -> 0.5625 | D14: T-30분 | E14: 당일 준비 | F14: 송출 준비 | G14: 송출 자료 순서대로 탭 열기 · 현장 기록 문서를 모더레이터 노트북에 열람 상태로 · 현장 리허설 1회전(송출 전환, 모니터링룸 화면·음향) | I14: 기술
A15: 7 | B15: =$C$4-20/1440 -> 0.56944444 | D15: T-20분 | E15: 당일 준비 | F15: 리마인드 | G15: 모더레이터 리마인드 — 첫 5분 진행 순서와 송출 시점 재확인. 참관자 착석·개인정보 원칙(번호 사용·촬영 금지) 안내 | I15: PM · 오거나이저
A16: 8 | B16: =$C$4-10/1440 -> 0.57638889 | D16: T-10분 | E16: 당일 준비 | F16: 등록 | G16: 등록 개시 — 인적 사항 확인, 명패 배부·좌석 안내, 녹음·녹화 동의서 서명, 사전 서면 평가지 배부·회수, 답례 지급 정보 서류 수령 | I16: 등록관리
A17: 9 | B17: =$C$4 -> 14:00 | D17: T=0 | E17: 당일 준비 | F17: 시작 | G17: 녹화·녹음 개시 — 줌 녹화 + Plaud 2대, 2인 육안 확인. 지각자는 시작 후 10분까지 입장 허용 | I17: 기술 · 등록관리
A18: 10 | B18: =$C$4 -> 14:00 | C18: =B18+D18/1440 -> 0.59027778 | D18: 10 | E18: 도입 | F18: 파트 | G18: ▶ 도입 (10분) | J18: 스크립터: 실제 시작 시각 기입 · 오거나이저: 예정 종료 5분 전 모더레이터에 시그널
A19: 11 | F19: 안내 | G19: 인사 — 오늘 참석해 주셔서 감사합니다. 지금부터 스포츠안전재단 손해구제 서비스 집단심층면접을 시작하겠습니다. | I19: 모더레이터
A20: 12 | F20: 소개 | G20: 모더레이터 소개 — 진행을 맡은 (소속·성명)입니다. 오늘은 정답을 찾는 자리가 아니라 여러분의 경험과 의견을 듣는 자리입니다. | I20: 모더레이터
A21: 13 | F21: 소개 | G21: 조사기관 소개 — 이 조사는 재단과 별개의 제3기관인 코리아스픽스가 수행합니다. | I21: 모더레이터
A22: 14 | F22: 확인 | G22: 참석자 확인 — 명패의 응답자 번호를 확인해 주십시오. 오늘은 성명 대신 번호로 부르겠습니다. | H22: 탁상 명패(P번호) | I22: 모더레이터 | J22: 등록관리: 미서명자 즉시 확인
A23: 15 | F23: 확인 | G23: 녹화·녹음 동의서 서명과 사전 서면 평가지 회수 여부를 확인한다. | H23: 동의서 · 사전 서면 평가지 | I23: 등록관리 | J23: 등록관리: 미서명자 즉시 확인
A24: 16 | F24: 안내 | G24: 진행 안내 — 120분간 쉬는 시간 없이 진행합니다. 화장실은 필요하실 때 다녀오셔도 됩니다. | I24: 모더레이터
A25: 17 | F25: 안내 | G25: 비밀보장 — 발언은 분석 목적으로만 쓰며 보고서에는 성명 없이 인용됩니다. 답변을 원하지 않으시면 넘어가셔도 됩니다. 중도 퇴장도 가능합니다. | I25: 모더레이터
A26: 18 | F26: 안내 | G26: 발언 규칙 — 서로 다른 의견이 그대로 나오는 것이 좋습니다. 한 분씩 말씀해 주시고 다른 분 의견을 반박하지 않으셔도 됩니다. | I26: 모더레이터
A27: 19 | F27: 소개 | G27: 참석자 자기소개 — 번호 순서로 소속과 재단 서비스 이용 경험을 한 줄씩 말씀해 주십시오. | I27: 모더레이터
A28: 20 | F28: 안내 | G28: 사업명 변경 안내 — 재단 사업명이 기존 ‘공제 서비스’에서 ‘손해구제 서비스’로 변경되었습니다. 기존 ‘스포츠안전공제’가 보험 중심의 다소 한정적인 의미였다면, ‘손해구제 서비스’는 스포츠 활동 중 사고 발생 전·중·후 체육인에게 발생할 수 있는 다양한 손해를 폭넓게 구제한다는 의미입니다. 기존 공제보험도 손해구제 서비스에 포함되며, 오늘 논의의 주요 대상은 기존 공제보험입니다. | I28: 모더레이터
A29: 21 | F29: 송출 | G29: 재단 서비스 특장점 브리핑(약 5분) — ① 종목·연령·장애 여부·병력 유무 등에 따른 가입 거절 없음 ② 개인 실손보험 등과 중복 보상 가능(배상책임·실비 담보는 비례보상) ③ 생활체육인·전문체육인 전용·특화 담보 운영(주최 측 과실이 없는 운동 중 부상 치료비, 배상책임 등) | H29: 특장점 3가지 슬라이드 | I29: 모더레이터 | J29: 기술: 인터뷰룸 모니터 전환
A30: 22 | F30: 평가지 | G30: 특장점 브리핑 직후 G2-10·11 평가지 작성·회수 (브리핑 전 작성한 응답은 수정하지 않음) | H30: 서면 평가지 G2-10·11 | I30: 등록관리 | J30: 등록관리: 배부·회수 후 봉투 보관
A31: 23 | B31: =B18+D18/1440 -> 0.59027778 | C31: =B31+D31/1440 -> 0.60416667 | D31: 20 | E31: 협업 경험 | F31: 파트 | G31: ▶ 협업 경험 (20분) | J31: 스크립터: 실제 시작 시각 기입 · 오거나이저: 예정 종료 5분 전 모더레이터에 시그널
A32: 24 | F32: 질문 | G32: 재단과의 업무 협조는 어떤 방식으로 이루어지고 있습니까? | I32: 모더레이터
A33: 25 | F33: 질문 | G33: 재단과의 협업에 전반적으로 만족하십니까? (만족 / 보통 / 아쉽다) 만족스러운 부분과 아쉬운 부분은 각각 무엇입니까? | I33: 모더레이터
A34: 26 | F34: 거수 | G34: 〔협업 만족〕 만족 / 보통 / 아쉽다 → 인원 | I34: 오거나이저 | J34: 오거나이저: 인원 수 기록 → 스크립터 공유
A35: 27 | F35: 질문 | G35: 정보 공유 체계(데이터·현황·정책 방향)를 어떻게 평가하십니까? | I35: 모더레이터
A36: 28 | F36: 질문 | G36: 협력 단체 입장에서 바라보는 재단 서비스의 역할과 한계는 무엇입니까? | I36: 모더레이터
A37: 29 | F37: 질문 | G37: 위 특장점 중 협력단체와 현장 이용자에게 가장 실질적인 가치는 무엇이며, 기대와 실제 운영 사이 차이는 무엇입니까? | I37: 모더레이터
A38: 30 | B38: =B31+D31/1440 -> 0.60416667 | C38: =B38+D38/1440 -> 0.61805556 | D38: 20 | E38: 제도 연계 | F38: 파트 | G38: ▶ 제도 연계 (20분) | J38: 스크립터: 실제 시작 시각 기입 · 오거나이저: 예정 종료 5분 전 모더레이터에 시그널
A39: 31 | F39: 송출 | G39: 인터뷰룸 모니터에 법령 안내 슬라이드 6장을 띄운다. 인지 확인(거수) → 슬라이드 송출 → 경험·의견 청취 순. 사실 전달에 한정하고 법령 해석 요구 시 재단 고객상담(1899-0547) 안내. | H39: 법령 안내 슬라이드 (https://docs.google.com/presentation/d/1qNKAob6CdE12D9baQVkZxUtktVQAWlEgfi2QJ_5gaso/edit) | I39: 기술 | J39: 기술: 인터뷰룸 모니터 전환
A40: 32 | F40: 질문 | G40: 보험·공제 가입과 안전책임 관련 제도가 현장 업무에 미치는 영향과 이행상 애로는 무엇입니까? (복수 선택) ① 대상 파악·관리의 어려움 ② 예산 부담 ③ 행정 절차의 복잡함 ④ 현장(회원)의 인식 부족 ⑤ 안내자료·지원 부족 | I40: 모더레이터
A41: 33 | F41: 거수 | G41: 〔의무 이행 애로 (복수, 2개까지)〕 ①~⑤ → 인원 | I41: 오거나이저 | J41: 오거나이저: 인원 수 기록 → 스크립터 공유
A42: 34 | F42: 질문 | G42: 구체적으로 어떤 상황에서 어려움을 겪으셨습니까? | I42: 모더레이터
A43: 35 | F43: 질문 | G43: 제도와 현장 사이에 간극이 있다면 어떤 지점입니까? | I43: 모더레이터
A44: 36 | F44: 질문 | G44: 생활체육·전문체육 대회 개최 시 재난안전의무보험(주최자배상책임, 대인 1억 5천만 원 이상) 의무를 알고 계십니까? ① 가입 기준(대인 1.5억 이상)까지 알고 있다 ② 의무라는 것만 들어봤다 ③ 처음 듣는다 | I44: 모더레이터
A45: 37 | F45: 거수 | G45: 〔재난안전의무보험 기준 인지〕 ① 1.5억까지 안다 ② 의무만 들어봤다 ③ 처음 듣는다 → 인원 | I45: 오거나이저 | J45: 오거나이저: 인원 수 기록 → 스크립터 공유
A46: 38 | F46: 질문 | G46: 소속·산하 단체가 대회를 개최할 때 이 요건을 안내·확인하는 절차가 있습니까? 현장의 실제 이행 수준은 어떻다고 보십니까? | I46: 모더레이터
A47: 39 | F47: 거수 | G47: 〔안내·확인 절차 유무〕 ① 공식 ② 일부 ③ 비공식 ④ 없다 ⑤ 모름 → 인원 | I47: 오거나이저 | J47: 오거나이저: 인원 수 기록 → 스크립터 공유
A48: 40 | F48: 질문 | G48: 미가입·과소가입(대인 1억 5천만 원 미만)을 줄이기 위해 재단과 협력단체가 함께 해야 할 일은 무엇입니까? | I48: 모더레이터
A49: 41 | B49: =B38+D38/1440 -> 0.61805556 | C49: =B49+D49/1440 -> 0.63194444 | D49: 20 | E49: 회원·산하단체 안내 | F49: 파트 | G49: ▶ 회원·산하단체 안내 (20분) | J49: 스크립터: 실제 시작 시각 기입 · 오거나이저: 예정 종료 5분 전 모더레이터에 시그널
A50: 42 | F50: 질문 | G50: 소속 회원(산하 단체·소속 선수)에게 공제 가입을 권유·안내할 때 반응은 대체로 어떻습니까? (호의적 / 무관심 / 부정적) | I50: 모더레이터
A51: 43 | F51: 질문 | G51: 안내 과정에서 어떤 어려움이 있습니까? (절차, 자료, 설명 난이도 등) | I51: 모더레이터
A52: 44 | F52: 질문 | G52: 재단 홍보자료는 현장에서 도움이 됩니까? (도움이 된다 / 보통 / 도움이 안 된다) | I52: 모더레이터
A53: 45 | F53: 거수 | G53: 〔홍보자료 실효성〕 도움 / 보통 / 안 됨 → 인원 | I53: 오거나이저 | J53: 오거나이저: 인원 수 기록 → 스크립터 공유
A54: 46 | F54: 질문 | G54: 홍보자료가 어떻게 바뀌면 좋겠습니까? | I54: 모더레이터
A55: 47 | B55: =B49+D49/1440 -> 0.63194444 | C55: =B55+D55/1440 -> 0.64236111 | D55: 15 | E55: 정책적 역할 | F55: 파트 | G55: ▶ 정책적 역할 (15분) | J55: 스크립터: 실제 시작 시각 기입 · 오거나이저: 예정 종료 5분 전 모더레이터에 시그널
A56: 48 | F56: 질문 | G56: 민간 손해보험사 대비 재단 공제가 ‘보장 공백 해소’ 역할을 얼마나 수행하고 있다고 평가하십니까? | I56: 모더레이터
A57: 49 | F57: 질문 | G57: 공공 영역에서 재단이 더 맡거나 내려놓아야 할 역할이 있습니까? | I57: 모더레이터
A58: 50 | F58: 질문 | G58: 지자체·공공기관과 연계한 서비스 확대(시민안전보험 연계, 지역 행사 안전관리 등)에 대해 어떻게 보십니까? | I58: 모더레이터
A59: 51 | B59: =B55+D55/1440 -> 0.64236111 | C59: =B59+D59/1440 -> 0.65277778 | D59: 15 | E59: 개선 제안·협력 확대 | F59: 파트 | G59: ▶ 개선 제안·협력 확대 (15분) | J59: 스크립터: 실제 시작 시각 기입 · 오거나이저: 예정 종료 5분 전 모더레이터에 시그널
A60: 52 | F60: 질문 | G60: 협력단체 관점에서 확대·개선 우선순위를 꼽는다면 무엇입니까? | I60: 모더레이터
A61: 53 | F61: 질문 | G61: 향후 재단과의 협력을 확대할 의향이 있습니까? (확대 의향 있다 / 현 수준 유지 / 판단 유보) 확대한다면 어떤 조건이 갖춰져야 합니까? | I61: 모더레이터
A62: 54 | F62: 거수 | G62: 〔협력 확대 의향〕 확대 / 현 수준 유지 / 유보 → 인원 | I62: 오거나이저 | J62: 오거나이저: 인원 수 기록 → 스크립터 공유
A63: 55 | F63: 질문 | G63: 안내드린 특장점과 현재 보장 내용을 기준으로, 현장에서 체감하는 부족한 부분은 무엇입니까? | I63: 모더레이터
A64: 56 | F64: 질문 | G64: 기관·단체에서 근무하며 경험한 사례를 바탕으로, 재단에 요구하고 싶은 사항과 필요한 지원은 무엇입니까? | I64: 모더레이터
A65: 57 | F65: 질문 | G65: 현장 수요 관점에서 새로 개발이 필요한 상품·담보가 있다면 무엇입니까? — 대상·상황·사고 유형·필요 보장·제공 방식까지 구체화 | I65: 모더레이터
A66: 58 | B66: =B59+D59/1440 -> 0.65277778 | C66: =B66+D66/1440 -> 0.65972222 | D66: 10 | E66: 예비 | F66: 파트 | G66: ▶ 예비 (10분) | J66: 스크립터: 실제 시작 시각 기입 · 오거나이저: 예정 종료 5분 전 모더레이터에 시그널
A67: 59 | F67: 안내 | G67: 〔확인 필요〕 계획안의 파트 합이 90분이라 10분이 남는다. 클라이언트가 9/3에 신규 상품·담보 의견 수렴을 강조했으므로 ‘개선 제안·협력 확대’에 붙여 25분으로 운영하는 안을 권장. 배분이 확정되면 이 행의 소요를 0으로, 해당 파트 소요에 +10. | I67: PM
A68: 60 | B68: =B66+D66/1440 -> 0.65972222 | C68: =B68+D68/1440 -> 0.66666667 | D68: 10 | E68: 마무리 | F68: 파트 | G68: ▶ 마무리 (10분) | J68: 스크립터: 실제 시작 시각 기입 · 오거나이저: 예정 종료 5분 전 모더레이터에 시그널
A69: 61 | F69: 질문 | G69: 못다 한 의견을 자유롭게 말씀해 주십시오. | I69: 모더레이터
A70: 62 | F70: 안내 | G70: FGI 종료 후 3영업일 이내 추가 서면 의견 접수 안내 — 제출 이메일·온라인 폼 링크와 기한을 읽어 준다. 〔확인 필요: 제출 채널 확정〕 | H70: 사후 서면 의견서 안내문 | I70: 모더레이터
A71: 63 | F71: 안내 | G71: 답례 안내 · 주차 안내 · 감사 인사 | H71: 답례 지급 정보 서류 | I71: 모더레이터
A72: 64 | B72: =C68 -> 0.66666667 | D72: 종료 | E72: 종료 후 | F72: 종료 | G72: 녹화·녹음 종료, 파일명 규칙에 따라 지정 폴더 저장(개인 기기 저장 금지) / 답례 지급·서류 회수(즉시 봉투 보관) / 사후 서면 의견 안내문 배부 | I72: 기술 · 등록관리
A73: 65 | B73: =C68+5/1440 -> 0.67013889 | D73: 종료+5분 | E73: 종료 후 | F73: 종료 직후 정리 | G73: Key Findings 3개, 인용 발언 3개(번호·시각), 정량조사와 상이한 지점, 차기 회차 보완 사항(질문 순서·시간 배분·송출 자료) 기입 | I73: PM 주관 · 전원
A74: 66 | B74: =C68+30/1440 -> 0.6875 | D74: 종료+30분 | E74: 종료 후 | F74: 철수 | G74: 패킹리스트 ‘도착’ 역순 확인, 원상 복구, 퇴실 | I74: 전원
E76: 파트 소요 합계(분) | F76: =SUMIF(F9:F74,"파트",D9:D74) -> 120 | G76: =IF(F76=120,"OK — 120분","확인 필요: 파트 합이 120분이 아님") -> OK — 120분
E77: 예정 종료 | F77: =C68 -> 0.66666667
A79: 범례: 회색=당일 준비 · 파란 굵은 행=파트 헤더(소요 분은 파란 글씨 입력값) · 하늘색=송출 · 노랑=거수 · 연두=평가지 · 주황=종료 후. 시각은 C4 시작 시각에서 자동 계산.
A80: 출처: 스포츠안전재단 FGI 실행계획안 및 진행 시나리오 v0.9.1(2026-09-05), 회차별 현장 기록 문서 v0.7, 클라이언트 추가요구사항(2026-09-03).

Sheet G3_큐시트
A1: [그룹 3 · 손해구제 전문가] 스포츠안전재단 손해구제 서비스 FGI 큐시트
A2: 2026-09-15(화) · 패스트파이브 삼성1호점 (서울 강남구 테헤란로87길 36 City Airport Tower 24층)
A3: 대상: 공제사·손해보험사·브로커·손해사정·학계 (현장 7명 + 서면 2~3명)
A4: 시작 시각 | C4: 14:00 | D4: ← 실제 시작이 늦어지면 이 셀만 수정 (전체 시각 자동 재계산)
A5: 도입 브리핑 | C5: 사업명 변경 안내 + 재단 서비스 특장점 3가지 슬라이드(약 5분) → 직후 G3-11·12 평가지 작성·회수
A6: 송출 자료 | C6: 특장점 3가지 슬라이드 · 법령 안내 슬라이드 · 법령 슬라이드: https://docs.google.com/presentation/d/1qNKAob6CdE12D9baQVkZxUtktVQAWlEgfi2QJ_5gaso/edit
A8: No. | B8: 시작 | C8: 종료 | D8: 소요(분) | E8: 파트 | F8: 구분 | G8: 진행 내용 (모더레이터 멘트 · 질문 원문) | H8: 송출 · 자료 | I8: 담당 | J8: 스탭 액션 (모니터링룸 · 등록 · 기술) | K8: 실제 시각 · 기록
A9: 1 | B9: =$C$4-180/1440 -> 0.45833333 | D9: T-180분 | E9: 당일 준비 | F9: 참석 확인 | G9: 참석 확인 전화 2차 — 불참 발생 시 대체 Pool에서 즉시 충원, 좌석·명패 재조정 | I9: 등록관리
A10: 2 | B10: =$C$4-90/1440 -> 0.52083333 | D10: T-90분 | E10: 당일 준비 | F10: 집결 | G10: 스탭 현장 집결·입실 (대관 장소는 예약 시작 시각 확인). 비상구·소화기·대피로 확인 | I10: 전원 · 기술
A11: 3 | B11: =$C$4-80/1440 -> 0.52777778 | D11: T-80분 | E11: 당일 준비 | F11: 현장 미팅 | G11: 역할·동선·비상 연락처·오늘 회차 특이사항(참석 인원, 서면 참여자, 참관자) 공유 | I11: PM
A12: 4 | B12: =$C$4-60/1440 -> 0.54166667 | D12: T-60분 | E12: 당일 준비 | F12: 세팅 | G12: 인터뷰룸 좌석(원형·ㄷ자)·탁상 명패(P번호)·좌석배치표 배치 / 음료·종이컵·냅킨(여분 10%) / 모니터링룸 책상·의자·좌석별 전원 | I12: 등록관리
A13: 5 | B13: =$C$4-45/1440 -> 0.55208333 | D13: T-45분 | E13: 당일 준비 | F13: 기술 | G13: 줌 카메라 3대 연결, 모니터링룸 화면·음향 확인 / 두 방 인터넷 속도 확인(끊기면 테더링) / 노트북별 전원·인터넷·현장 기록 문서 접속 / Plaud 2대 충전·녹음 대기 | I13: 기술
A14: 6 | B14: =$C$4-30/1440 -> 0.5625 | D14: T-30분 | E14: 당일 준비 | F14: 송출 준비 | G14: 송출 자료 순서대로 탭 열기 · 현장 기록 문서를 모더레이터 노트북에 열람 상태로 · 현장 리허설 1회전(송출 전환, 모니터링룸 화면·음향) | I14: 기술
A15: 7 | B15: =$C$4-20/1440 -> 0.56944444 | D15: T-20분 | E15: 당일 준비 | F15: 리마인드 | G15: 모더레이터 리마인드 — 첫 5분 진행 순서와 송출 시점 재확인. 참관자 착석·개인정보 원칙(번호 사용·촬영 금지) 안내 | I15: PM · 오거나이저
A16: 8 | B16: =$C$4-10/1440 -> 0.57638889 | D16: T-10분 | E16: 당일 준비 | F16: 등록 | G16: 등록 개시 — 인적 사항 확인, 명패 배부·좌석 안내, 녹음·녹화 동의서 서명, 사전 서면 평가지 배부·회수, 답례 지급 정보 서류 수령 | I16: 등록관리
A17: 9 | B17: =$C$4 -> 14:00 | D17: T=0 | E17: 당일 준비 | F17: 시작 | G17: 녹화·녹음 개시 — 줌 녹화 + Plaud 2대, 2인 육안 확인. 지각자는 시작 후 10분까지 입장 허용 | I17: 기술 · 등록관리
A18: 10 | B18: =$C$4 -> 14:00 | C18: =B18+D18/1440 -> 0.59027778 | D18: 10 | E18: 도입 | F18: 파트 | G18: ▶ 도입 (10분) | J18: 스크립터: 실제 시작 시각 기입 · 오거나이저: 예정 종료 5분 전 모더레이터에 시그널
A19: 11 | F19: 안내 | G19: 인사 — 오늘 참석해 주셔서 감사합니다. 지금부터 스포츠안전재단 손해구제 서비스 집단심층면접을 시작하겠습니다. | I19: 모더레이터
A20: 12 | F20: 소개 | G20: 모더레이터 소개 — 진행을 맡은 (소속·성명)입니다. 오늘은 정답을 찾는 자리가 아니라 여러분의 경험과 의견을 듣는 자리입니다. | I20: 모더레이터
A21: 13 | F21: 소개 | G21: 조사기관 소개 — 이 조사는 재단과 별개의 제3기관인 코리아스픽스가 수행합니다. | I21: 모더레이터
A22: 14 | F22: 확인 | G22: 참석자 확인 — 명패의 응답자 번호를 확인해 주십시오. 오늘은 성명 대신 번호로 부르겠습니다. | H22: 탁상 명패(P번호) | I22: 모더레이터 | J22: 등록관리: 미서명자 즉시 확인
A23: 15 | F23: 확인 | G23: 녹화·녹음 동의서 서명과 사전 서면 평가지 회수 여부를 확인한다. | H23: 동의서 · 사전 서면 평가지 | I23: 등록관리 | J23: 등록관리: 미서명자 즉시 확인
A24: 16 | F24: 안내 | G24: 진행 안내 — 120분간 쉬는 시간 없이 진행합니다. 화장실은 필요하실 때 다녀오셔도 됩니다. | I24: 모더레이터
A25: 17 | F25: 안내 | G25: 비밀보장 — 발언은 분석 목적으로만 쓰며 보고서에는 성명 없이 인용됩니다. 답변을 원하지 않으시면 넘어가셔도 됩니다. 중도 퇴장도 가능합니다. | I25: 모더레이터
A26: 18 | F26: 안내 | G26: 발언 규칙 — 서로 다른 의견이 그대로 나오는 것이 좋습니다. 한 분씩 말씀해 주시고 다른 분 의견을 반박하지 않으셔도 됩니다. | I26: 모더레이터
A27: 19 | F27: 소개 | G27: 참석자 자기소개 — 번호 순서로 소속과 재단 서비스 이용 경험을 한 줄씩 말씀해 주십시오. | I27: 모더레이터
A28: 20 | F28: 안내 | G28: 사업명 변경 안내 — 재단 사업명이 기존 ‘공제 서비스’에서 ‘손해구제 서비스’로 변경되었습니다. 기존 ‘스포츠안전공제’가 보험 중심의 다소 한정적인 의미였다면, ‘손해구제 서비스’는 스포츠 활동 중 사고 발생 전·중·후 체육인에게 발생할 수 있는 다양한 손해를 폭넓게 구제한다는 의미입니다. 기존 공제보험도 손해구제 서비스에 포함되며, 오늘 논의의 주요 대상은 기존 공제보험입니다. | I28: 모더레이터
A29: 21 | F29: 송출 | G29: 재단 서비스 특장점 브리핑(약 5분) — ① 종목·연령·장애 여부·병력 유무 등에 따른 가입 거절 없음 ② 개인 실손보험 등과 중복 보상 가능(배상책임·실비 담보는 비례보상) ③ 생활체육인·전문체육인 전용·특화 담보 운영(주최 측 과실이 없는 운동 중 부상 치료비, 배상책임 등) | H29: 특장점 3가지 슬라이드 | I29: 모더레이터 | J29: 기술: 인터뷰룸 모니터 전환
A30: 22 | F30: 평가지 | G30: 특장점 브리핑 직후 G3-11·12 평가지 작성·회수 (브리핑 전 작성한 응답은 수정하지 않음) | H30: 서면 평가지 G3-11·12 | I30: 등록관리 | J30: 등록관리: 배부·회수 후 봉투 보관
A31: 23 | B31: =B18+D18/1440 -> 0.59027778 | C31: =B31+D31/1440 -> 0.60763889 | D31: 25 | E31: 시장 포지셔닝 진단 | F31: 파트 | G31: ▶ 시장 포지셔닝 진단 (25분) | J31: 스크립터: 실제 시작 시각 기입 · 오거나이저: 예정 종료 5분 전 모더레이터에 시그널
A32: 24 | F32: 질문 | G32: 스포츠 상해·배상 공제 시장에서 재단 서비스의 현재 포지션에 가장 가까운 것은 무엇입니까? ① 민간이 못 하는 영역을 메우는 공공 보완재 ② 민간과 직접 경쟁하는 경쟁재 ③ 특정 수요층 대상 틈새 상품 ④ 기타 | I32: 모더레이터
A33: 25 | F33: 거수 | G33: 〔현재 포지션〕 ① 공공 보완재 ② 경쟁재 ③ 틈새 ④ 기타 → 인원 | I33: 오거나이저 | J33: 오거나이저: 인원 수 기록 → 스크립터 공유
A34: 26 | F34: 질문 | G34: 그렇게 진단한 근거는 무엇입니까? | I34: 모더레이터
A35: 27 | F35: 질문 | G35: 민간 손해보험사 상품(삼성화재·DB·캐롯 등)과 비교했을 때 재단 상품의 강점과 약점은 무엇입니까? | I35: 모더레이터
A36: 28 | F36: 질문 | G36: 민간 보험사가 인수를 꺼리는 종목·대상·조건의 실태는 어떻습니까? 그 영역에서 재단의 역할을 어떻게 보십니까? | I36: 모더레이터
A37: 29 | B37: =B31+D31/1440 -> 0.60763889 | C37: =B37+D37/1440 -> 0.61805556 | D37: 15 | E37: 차별성 검증 | F37: 파트 | G37: ▶ 차별성 검증 (15분) | J37: 스크립터: 실제 시작 시각 기입 · 오거나이저: 예정 종료 5분 전 모더레이터에 시그널
A38: 30 | F38: 질문 | G38: 종목·연령·장애·병력 유무 등에 따른 가입 거절이 없다는 재단의 특성은 시장에서 어느 정도 경쟁력이라고 보십니까? (실질적 경쟁력이다 / 제한적이다 / 경쟁력이 아니다) | I38: 모더레이터
A39: 31 | F39: 거수 | G39: 〔가입 거절 없음의 경쟁력〕 ① 아니다 ② 제한적 ③ 실질적 → 인원 | I39: 오거나이저 | J39: 오거나이저: 인원 수 기록 → 스크립터 공유
A40: 32 | F40: 질문 | G40: 그렇게 판단한 이유는 무엇입니까? | I40: 모더레이터
A41: 33 | F41: 질문 | G41: 이 특성이 앞으로도 유지 가능하다고 보십니까? 지속가능성을 위협하는 요인은 무엇입니까? | I41: 모더레이터
A42: 34 | B42: =B37+D37/1440 -> 0.61805556 | C42: =B42+D42/1440 -> 0.62847222 | D42: 15 | E42: 리스크 진단 | F42: 파트 | G42: ▶ 리스크 진단 (15분) | J42: 스크립터: 실제 시작 시각 기입 · 오거나이저: 예정 종료 5분 전 모더레이터에 시그널
A43: 35 | F43: 질문 | G43: 고위험 종목 인수와 관련하여 언더라이팅·손해율 관점에서 어떤 이슈가 예상됩니까? | I43: 모더레이터
A44: 36 | F44: 질문 | G44: 지속가능한 운영을 위해 재단이 관리해야 할 리스크 요인은 무엇입니까? | I44: 모더레이터
A45: 37 | B45: =B42+D42/1440 -> 0.62847222 | C45: =B45+D45/1440 -> 0.63888889 | D45: 15 | E45: 청구 프로세스 평가 | F45: 파트 | G45: ▶ 청구 프로세스 평가 (15분) | J45: 스크립터: 실제 시작 시각 기입 · 오거나이저: 예정 종료 5분 전 모더레이터에 시그널
A46: 38 | F46: 질문 | G46: 업계 표준(국내 공제·손해보험업계) 대비 재단 청구 절차의 신속성·투명성은 어느 수준입니까? (평균 이상 / 평균 / 평균 이하) | I46: 모더레이터
A47: 39 | F47: 거수 | G47: 〔청구 절차 수준〕 ① 평균 이하 ② 평균 ③ 평균 이상 → 인원 | I47: 오거나이저 | J47: 오거나이저: 인원 수 기록 → 스크립터 공유
A48: 40 | F48: 질문 | G48: 그렇게 평가한 근거는 무엇입니까? | I48: 모더레이터
A49: 41 | F49: 질문 | G49: 보상 처리 프로세스에서 우선 보완해야 할 지점은 어디입니까? | I49: 모더레이터
A50: 42 | B50: =B45+D45/1440 -> 0.63888889 | C50: =B50+D50/1440 -> 0.64583333 | D50: 10 | E50: 법·제도 인식 | F50: 파트 | G50: ▶ 법·제도 인식 (10분) | J50: 스크립터: 실제 시작 시각 기입 · 오거나이저: 예정 종료 5분 전 모더레이터에 시그널
A51: 43 | F51: 질문 | G51: 재난안전의무보험 제도(「재난 및 안전관리 기본법」 제3조제10호의2)와 스포츠 분야 적용(생활체육안전보험·운동경기대회배상책임보험, 대인 1억 5천만 원 이상)을 알고 계십니까? ① 실무로 다뤄봤다 ② 제도만 알고 있다 ③ 잘 모른다 | I51: 모더레이터
A52: 44 | F52: 거수 | G52: 〔의무보험 인지〕 ① 실무로 다뤄봤다 ② 제도만 안다 ③ 잘 모른다 → 인원 | I52: 오거나이저 | J52: 오거나이저: 인원 수 기록 → 스크립터 공유
A53: 45 | F53: 송출 | G53: 인터뷰룸 모니터에 법령 안내 슬라이드 6장을 띄운다. 인지 확인(거수) → 슬라이드 송출 → 경험·의견 청취 순. 사실 전달에 한정하고 법령 해석 요구 시 재단 고객상담(1899-0547) 안내. | H53: 법령 안내 슬라이드 (https://docs.google.com/presentation/d/1qNKAob6CdE12D9baQVkZxUtktVQAWlEgfi2QJ_5gaso/edit) | I53: 기술 | J53: 기술: 인터뷰룸 모니터 전환
A54: 46 | F54: 질문 | G54: 민간 손보 상품과 재단 주최자배상책임공제를 비교할 때, 이 의무보험 요건을 충족하는 수준·요율 경쟁력은 어떻다고 평가하십니까? | I54: 모더레이터
A55: 47 | F55: 질문 | G55: 의무보험 제도(가입 기준 상향 등 규제 변화)는 재단 공제에 기회와 위협 중 어느 쪽입니까? 재단이 선제적으로 준비해야 할 것은 무엇입니까? | I55: 모더레이터
A56: 48 | F56: 질문 | G56: 「체육시설의 설치·이용에 관한 법률」 제26조 및 「중대재해 처벌 등에 관한 법률」 등 안전책임 강화가 스포츠 보험·공제의 수요와 상품 설계에 어떤 영향을 미칠 것으로 보십니까? | I56: 모더레이터
A57: 49 | B57: =B50+D50/1440 -> 0.64583333 | C57: =B57+D57/1440 -> 0.65972222 | D57: 20 | E57: 개선·발전 방향 | F57: 파트 | G57: ▶ 개선·발전 방향 (20분) | J57: 스크립터: 실제 시작 시각 기입 · 오거나이저: 예정 종료 5분 전 모더레이터에 시그널
A58: 50 | F58: 질문 | G58: 디지털 전환(앱 가입, 모바일 청구 등) 업계 트렌드 대비 재단의 위치는 어디쯤입니까? (앞서 있다 / 비슷하다 / 뒤처져 있다) | I58: 모더레이터
A59: 51 | F59: 거수 | G59: 〔디지털 전환 위치〕 ① 뒤처짐 ② 비슷 ③ 앞섬 → 인원 | I59: 오거나이저 | J59: 오거나이저: 인원 수 기록 → 스크립터 공유
A60: 52 | F60: 질문 | G60: 안내드린 재단 특장점을 전제로, 전문가 관점에서 현재 보장 구조에서 부족한 부분은 무엇입니까? | I60: 모더레이터
A61: 53 | F61: 질문 | G61: 다음 신규 담보 후보 중 시장성이 높다고 보는 영역 2개를 골라 주십시오. ① 생활체육(동호인) 소액·간편형 ② 선수 상해·재활·소득보전형 ③ 단기·이벤트성 특화 ④ 비인기 종목 보장 사각지대 보완 | I61: 모더레이터
A62: 54 | F62: 거수 | G62: 〔신규 담보 2개 선택〕 ①~④ → 인원 | I62: 오거나이저 | J62: 오거나이저: 인원 수 기록 → 스크립터 공유
A63: 55 | F63: 질문 | G63: 선택한 영역의 시장성 근거와 설계 시 유의점은 무엇입니까? | I63: 모더레이터
A64: 56 | F64: 질문 | G64: 전문가 관점에서 재단이 3년 내 반드시 해야 할 한 가지를 꼽는다면 무엇입니까? | I64: 모더레이터
A65: 57 | F65: 질문 | G65: 신규 상품·담보를 실제 현장에 적용하려면 가격·가입 절차·보상 기준 측면에서 어떤 조건이 필요합니까? | I65: 모더레이터
A66: 58 | B66: =B57+D57/1440 -> 0.65972222 | C66: =B66+D66/1440 -> 0.66666667 | D66: 10 | E66: 마무리 | F66: 파트 | G66: ▶ 마무리 (10분) | J66: 스크립터: 실제 시작 시각 기입 · 오거나이저: 예정 종료 5분 전 모더레이터에 시그널
A67: 59 | F67: 질문 | G67: 못다 한 의견을 자유롭게 말씀해 주십시오. | I67: 모더레이터
A68: 60 | F68: 안내 | G68: FGI 종료 후 3영업일 이내 추가 서면 의견 접수 안내 — 제출 이메일·온라인 폼 링크와 기한을 읽어 준다. 〔확인 필요: 제출 채널 확정〕 | H68: 사후 서면 의견서 안내문 | I68: 모더레이터
A69: 61 | F69: 안내 | G69: 답례 안내 · 주차 안내 · 감사 인사 | H69: 답례 지급 정보 서류 | I69: 모더레이터
A70: 62 | B70: =C66 -> 0.66666667 | D70: 종료 | E70: 종료 후 | F70: 종료 | G70: 녹화·녹음 종료, 파일명 규칙에 따라 지정 폴더 저장(개인 기기 저장 금지) / 답례 지급·서류 회수(즉시 봉투 보관) / 사후 서면 의견 안내문 배부 | I70: 기술 · 등록관리
A71: 63 | B71: =C66+5/1440 -> 0.67013889 | D71: 종료+5분 | E71: 종료 후 | F71: 종료 직후 정리 | G71: Key Findings 3개, 인용 발언 3개(번호·시각), 정량조사와 상이한 지점, 차기 회차 보완 사항(질문 순서·시간 배분·송출 자료) 기입 | I71: PM 주관 · 전원
A72: 64 | B72: =C66+30/1440 -> 0.6875 | D72: 종료+30분 | E72: 종료 후 | F72: 철수 | G72: 패킹리스트 ‘도착’ 역순 확인, 원상 복구, 퇴실 | I72: 전원
E74: 파트 소요 합계(분) | F74: =SUMIF(F9:F72,"파트",D9:D72) -> 120 | G74: =IF(F74=120,"OK — 120분","확인 필요: 파트 합이 120분이 아님") -> OK — 120분
E75: 예정 종료 | F75: =C66 -> 0.66666667
A77: 범례: 회색=당일 준비 · 파란 굵은 행=파트 헤더(소요 분은 파란 글씨 입력값) · 하늘색=송출 · 노랑=거수 · 연두=평가지 · 주황=종료 후. 시각은 C4 시작 시각에서 자동 계산.
A78: 출처: 스포츠안전재단 FGI 실행계획안 및 진행 시나리오 v0.9.1(2026-09-05), 회차별 현장 기록 문서 v0.7, 클라이언트 추가요구사항(2026-09-03).

Sheet G4_큐시트
A1: [그룹 4 · 재단 내부 관계자] 스포츠안전재단 손해구제 서비스 FGI 큐시트
A2: 2026-09-17(목) · 스포츠안전재단 교육장 (서울 송파구 올림픽로 424, 올림픽공원 테니스경기장 3층)
A3: 대상: 재단 임직원 — 보임자 4명, 실무자 4명 (안전공제실 등 관련 부서, 개인 명단 미정)
A4: 시작 시각 | C4: 14:00 | D4: ← 실제 시작이 늦어지면 이 셀만 수정 (전체 시각 자동 재계산)
A5: 도입 브리핑 | C5: 사업명 변경 안내만 (특장점 브리핑 없음)
A6: 송출 자료 | C6: 법령 안내 슬라이드 · Top 3 개인 작성 용지 · 법령 슬라이드: https://docs.google.com/presentation/d/1qNKAob6CdE12D9baQVkZxUtktVQAWlEgfi2QJ_5gaso/edit
A8: No. | B8: 시작 | C8: 종료 | D8: 소요(분) | E8: 파트 | F8: 구분 | G8: 진행 내용 (모더레이터 멘트 · 질문 원문) | H8: 송출 · 자료 | I8: 담당 | J8: 스탭 액션 (모니터링룸 · 등록 · 기술) | K8: 실제 시각 · 기록
A9: 1 | B9: =$C$4-180/1440 -> 0.45833333 | D9: T-180분 | E9: 당일 준비 | F9: 참석 확인 | G9: 참석 확인 전화 2차 — 불참 발생 시 대체 Pool에서 즉시 충원, 좌석·명패 재조정 | I9: 등록관리
A10: 2 | B10: =$C$4-90/1440 -> 0.52083333 | D10: T-90분 | E10: 당일 준비 | F10: 집결 | G10: 스탭 현장 집결·입실 (대관 장소는 예약 시작 시각 확인). 비상구·소화기·대피로 확인 | I10: 전원 · 기술
A11: 3 | B11: =$C$4-80/1440 -> 0.52777778 | D11: T-80분 | E11: 당일 준비 | F11: 현장 미팅 | G11: 역할·동선·비상 연락처·오늘 회차 특이사항(참석 인원, 서면 참여자, 참관자) 공유 | I11: PM
A12: 4 | B12: =$C$4-60/1440 -> 0.54166667 | D12: T-60분 | E12: 당일 준비 | F12: 세팅 | G12: 인터뷰룸 좌석(원형·ㄷ자)·탁상 명패(P번호)·좌석배치표 배치 / 음료·종이컵·냅킨(여분 10%) / 모니터링룸 책상·의자·좌석별 전원 | I12: 등록관리
A13: 5 | B13: =$C$4-45/1440 -> 0.55208333 | D13: T-45분 | E13: 당일 준비 | F13: 기술 | G13: 줌 카메라 3대 연결, 모니터링룸 화면·음향 확인 / 두 방 인터넷 속도 확인(끊기면 테더링) / 노트북별 전원·인터넷·현장 기록 문서 접속 / Plaud 2대 충전·녹음 대기 | I13: 기술
A14: 6 | B14: =$C$4-30/1440 -> 0.5625 | D14: T-30분 | E14: 당일 준비 | F14: 송출 준비 | G14: 송출 자료 순서대로 탭 열기 · 현장 기록 문서를 모더레이터 노트북에 열람 상태로 · 현장 리허설 1회전(송출 전환, 모니터링룸 화면·음향) | I14: 기술
A15: 7 | B15: =$C$4-20/1440 -> 0.56944444 | D15: T-20분 | E15: 당일 준비 | F15: 리마인드 | G15: 모더레이터 리마인드 — 첫 5분 진행 순서와 송출 시점 재확인. 참관자 착석·개인정보 원칙(번호 사용·촬영 금지) 안내 | I15: PM · 오거나이저
A16: 8 | B16: =$C$4-10/1440 -> 0.57638889 | D16: T-10분 | E16: 당일 준비 | F16: 등록 | G16: 등록 개시 — 인적 사항 확인, 명패 배부·좌석 안내, 녹음·녹화 동의서 서명, 사전 서면 평가지 배부·회수, 답례 지급 정보 서류 수령 | I16: 등록관리
A17: 9 | B17: =$C$4 -> 14:00 | D17: T=0 | E17: 당일 준비 | F17: 시작 | G17: 녹화·녹음 개시 — 줌 녹화 + Plaud 2대, 2인 육안 확인. 지각자는 시작 후 10분까지 입장 허용 | I17: 기술 · 등록관리
A18: 10 | B18: =$C$4 -> 14:00 | C18: =B18+D18/1440 -> 0.59027778 | D18: 10 | E18: 도입 | F18: 파트 | G18: ▶ 도입 (10분) | J18: 스크립터: 실제 시작 시각 기입 · 오거나이저: 예정 종료 5분 전 모더레이터에 시그널
A19: 11 | F19: 안내 | G19: 인사 — 오늘 참석해 주셔서 감사합니다. 지금부터 스포츠안전재단 손해구제 서비스 집단심층면접을 시작하겠습니다. | I19: 모더레이터
A20: 12 | F20: 소개 | G20: 모더레이터 소개 — 진행을 맡은 (소속·성명)입니다. 오늘은 정답을 찾는 자리가 아니라 여러분의 경험과 의견을 듣는 자리입니다. | I20: 모더레이터
A21: 13 | F21: 소개 | G21: 조사기관 소개 — 이 조사는 재단과 별개의 제3기관인 코리아스픽스가 수행합니다. | I21: 모더레이터
A22: 14 | F22: 확인 | G22: 참석자 확인 — 명패의 응답자 번호를 확인해 주십시오. 오늘은 성명 대신 번호로 부르겠습니다. | H22: 탁상 명패(P번호) | I22: 모더레이터 | J22: 등록관리: 미서명자 즉시 확인
A23: 15 | F23: 확인 | G23: 녹화·녹음 동의서 서명과 사전 서면 평가지 회수 여부를 확인한다. | H23: 동의서 · 사전 서면 평가지 | I23: 등록관리 | J23: 등록관리: 미서명자 즉시 확인
A24: 16 | F24: 안내 | G24: 진행 안내 — 120분간 쉬는 시간 없이 진행합니다. 화장실은 필요하실 때 다녀오셔도 됩니다. | I24: 모더레이터
A25: 17 | F25: 안내 | G25: 비밀보장 — 발언은 분석 목적으로만 쓰며 보고서에는 성명 없이 인용됩니다. 답변을 원하지 않으시면 넘어가셔도 됩니다. 중도 퇴장도 가능합니다. | I25: 모더레이터
A26: 18 | F26: 안내 | G26: 발언 규칙 — 서로 다른 의견이 그대로 나오는 것이 좋습니다. 한 분씩 말씀해 주시고 다른 분 의견을 반박하지 않으셔도 됩니다. | I26: 모더레이터
A27: 19 | F27: 소개 | G27: 참석자 자기소개 — 번호 순서로 소속과 재단 서비스 이용 경험을 한 줄씩 말씀해 주십시오. | I27: 모더레이터
A28: 20 | F28: 안내 | G28: 사업명 변경 안내 — 재단 사업명이 기존 ‘공제 서비스’에서 ‘손해구제 서비스’로 변경되었습니다. 기존 ‘스포츠안전공제’가 보험 중심의 다소 한정적인 의미였다면, ‘손해구제 서비스’는 스포츠 활동 중 사고 발생 전·중·후 체육인에게 발생할 수 있는 다양한 손해를 폭넓게 구제한다는 의미입니다. 기존 공제보험도 손해구제 서비스에 포함되며, 오늘 논의의 주요 대상은 기존 공제보험입니다. | I28: 모더레이터
A29: 21 | B29: =B18+D18/1440 -> 0.59027778 | C29: =B29+D29/1440 -> 0.60416667 | D29: 20 | E29: 운영 현황 | F29: 파트 | G29: ▶ 운영 현황 (20분) | J29: 스크립터: 실제 시작 시각 기입 · 오거나이저: 예정 종료 5분 전 모더레이터에 시그널
A30: 22 | F30: 질문 | G30: 부서별 업무 프로세스에서 손해구제 서비스는 어떻게 운영되고 있습니까? | I30: 모더레이터
A31: 23 | F31: 질문 | G31: 현장에서 가장 많이 접수되는 민원·문의 유형은 무엇이고, 어떤 과정으로 처리됩니까? | I31: 모더레이터
A32: 24 | F32: 거수 | G32: 〔다빈도 민원 (2개)〕 ① 가입대상 ② 가입증빙 ③ 보상한도 ④ 상품선택 ⑤ 보상·면책 ⑥ 기타 → 인원 | I32: 오거나이저 | J32: 오거나이저: 인원 수 기록 → 스크립터 공유
A33: 25 | B33: =B29+D29/1440 -> 0.60416667 | C33: =B33+D33/1440 -> 0.61458333 | D33: 15 | E33: 내부 인식 | F33: 파트 | G33: ▶ 내부 인식 (15분) | J33: 스크립터: 실제 시작 시각 기입 · 오거나이저: 예정 종료 5분 전 모더레이터에 시그널
A34: 26 | F34: 질문 | G34: 외부 고객 만족도와 내부 자체평가 사이에 온도차가 있다고 느끼십니까? (크다 / 다소 있다 / 거의 없다) | I34: 모더레이터
A35: 27 | F35: 거수 | G35: 〔온도차〕 ① 거의 없다 ② 다소 있다 ③ 크다 → 인원 | I35: 오거나이저 | J35: 오거나이저: 인원 수 기록 → 스크립터 공유
A36: 28 | F36: 질문 | G36: 어떤 지점에서 그렇게 느끼십니까? | I36: 모더레이터
A37: 29 | F37: 질문 | G37: 고객이 모르는, 내부만 아는 서비스의 강점·약점이 있다면 무엇입니까? | I37: 모더레이터
A38: 30 | B38: =B33+D33/1440 -> 0.61458333 | C38: =B38+D38/1440 -> 0.62152778 | D38: 10 | E38: 법·제도 인식 | F38: 파트 | G38: ▶ 법·제도 인식 (10분) | J38: 스크립터: 실제 시작 시각 기입 · 오거나이저: 예정 종료 5분 전 모더레이터에 시그널
A39: 31 | F39: 질문 | G39: 재난안전의무보험 제도와 ‘대인 1억 5천만 원 이상’ 기준을 업무에서 다뤄본 적이 있습니까? ① 업무로 직접 다룬다 ② 알지만 내 업무와 무관하다 ③ 잘 모른다 | I39: 모더레이터
A40: 32 | F40: 거수 | G40: 〔의무보험 제도 인지〕 ① 직접 다룬다 ② 알지만 무관 ③ 잘 모른다 → 인원 | I40: 오거나이저 | J40: 오거나이저: 인원 수 기록 → 스크립터 공유
A41: 33 | F41: 송출 | G41: 인터뷰룸 모니터에 법령 안내 슬라이드 6장을 띄운다. 인지 확인(거수) → 슬라이드 송출 → 경험·의견 청취 순. 사실 전달에 한정하고 법령 해석 요구 시 재단 고객상담(1899-0547) 안내. | H41: 법령 안내 슬라이드 (https://docs.google.com/presentation/d/1qNKAob6CdE12D9baQVkZxUtktVQAWlEgfi2QJ_5gaso/edit) | I41: 기술 | J41: 기술: 인터뷰룸 모니터 전환
A42: 34 | F42: 질문 | G42: 가입 상담·심사 과정에서 대회 주최자에게 의무보험 요건을 안내·확인하는 프로세스가 있습니까? 보완할 점은 무엇입니까? | I42: 모더레이터
A43: 35 | F43: 질문 | G43: 의무보험 관련 민원·문의(가입 증빙, 담보 한도 등)는 어떤 유형이 많고, 대응에서 어려운 점은 무엇입니까? | I43: 모더레이터
A44: 36 | F44: 질문 | G44: 제도를 모르는 주최자에게 재단이 어떤 방식으로 알리는 것이 가장 효과적이라고 보십니까? | I44: 모더레이터
A45: 37 | F45: 질문 | G45: 관련 법령과 재단 상품·안내 업무의 연결 기준이 부서 간 일관되게 정리되어 있습니까? | I45: 모더레이터
A46: 38 | B46: =B38+D38/1440 -> 0.62152778 | C46: =B46+D46/1440 -> 0.63541667 | D46: 20 | E46: 개선 과제 | F46: 파트 | G46: ▶ 개선 과제 (20분) | J46: 스크립터: 실제 시작 시각 기입 · 오거나이저: 예정 종료 5분 전 모더레이터에 시그널
A47: 39 | F47: 질문 | G47: 가입·청구 프로세스 중 내부적으로 인지하고 있는 개선 과제는 무엇입니까? | I47: 모더레이터
A48: 40 | F48: 질문 | G48: 현재 운영에서 내부적으로 가장 불편한 점은 무엇입니까? | I48: 모더레이터
A49: 41 | F49: 질문 | G49: 개선을 가로막는 가장 큰 장벽은 무엇입니까? (복수 선택) ① 인력 부족 ② 예산 제약 ③ 시스템(전산) 한계 ④ 제도·규정 ⑤ 조직문화·부서 간 협업 | I49: 모더레이터
A50: 42 | F50: 거수 | G50: 〔개선 장벽 (2개)〕 ①~⑤ → 인원 | I50: 오거나이저 | J50: 오거나이저: 인원 수 기록 → 스크립터 공유
A51: 43 | B51: =B46+D46/1440 -> 0.63541667 | C51: =B51+D51/1440 -> 0.64583333 | D51: 15 | E51: 자원·제도적 제약 | F51: 파트 | G51: ▶ 자원·제도적 제약 (15분) | J51: 스크립터: 실제 시작 시각 기입 · 오거나이저: 예정 종료 5분 전 모더레이터에 시그널
A52: 44 | F52: 질문 | G52: 인력·시스템 관점에서 개선을 실행할 때 현실적 제약은 무엇입니까? | I52: 모더레이터
A53: 45 | F53: 질문 | G53: 신규 서비스를 개발한다면 예상되는 내부 제약(제도·조직·예산)은 무엇입니까? | I53: 모더레이터
A54: 46 | B54: =B51+D51/1440 -> 0.64583333 | C54: =B54+D54/1440 -> 0.65972222 | D54: 20 | E54: 향후 방향 | F54: 파트 | G54: ▶ 향후 방향 (20분) | J54: 스크립터: 실제 시작 시각 기입 · 오거나이저: 예정 종료 5분 전 모더레이터에 시그널
A55: 47 | F55: 질문 | G55: 지표관리 체계(OLS 기반)를 자체 운영한다면 어떤 역량과 지원이 필요합니까? | I55: 모더레이터
A56: 48 | F56: 평가지 | G56: ‘가장 시급한 서비스 개선 과제 Top 3’ 개인 작성 용지 배부 → 3분 작성 → 회수 (G4-9) | H56: Top 3 개인 작성 용지 | I56: 등록관리 | J56: 등록관리: 배부·회수 후 봉투 보관
A57: 49 | F57: 질문 | G57: 임직원이 보기에 가장 시급한 서비스 개선 과제 Top 3는 무엇입니까? — 개인별 작성 내용을 공유하고 토의 | I57: 모더레이터
A58: 50 | F58: 거수 | G58: 〔시급한 과제 Top 3〕 참석자별 1~3순위를 그대로 옮겨 적는다 | I58: 오거나이저 | J58: 오거나이저: 인원 수 기록 → 스크립터 공유
A59: 51 | B59: =B54+D54/1440 -> 0.65972222 | C59: =B59+D59/1440 -> 0.66666667 | D59: 10 | E59: 마무리 | F59: 파트 | G59: ▶ 마무리 (10분) | J59: 스크립터: 실제 시작 시각 기입 · 오거나이저: 예정 종료 5분 전 모더레이터에 시그널
A60: 52 | F60: 질문 | G60: 못다 한 의견을 자유롭게 말씀해 주십시오. | I60: 모더레이터
A61: 53 | F61: 안내 | G61: FGI 종료 후 3영업일 이내 추가 서면 의견 접수 안내 — 제출 이메일·온라인 폼 링크와 기한을 읽어 준다. 〔확인 필요: 제출 채널 확정〕 | H61: 사후 서면 의견서 안내문 | I61: 모더레이터
A62: 54 | F62: 안내 | G62: 답례 안내 · 주차 안내 · 감사 인사 | H62: 답례 지급 정보 서류 | I62: 모더레이터
A63: 55 | B63: =C59 -> 0.66666667 | D63: 종료 | E63: 종료 후 | F63: 종료 | G63: 녹화·녹음 종료, 파일명 규칙에 따라 지정 폴더 저장(개인 기기 저장 금지) / 답례 지급·서류 회수(즉시 봉투 보관) / 사후 서면 의견 안내문 배부 | I63: 기술 · 등록관리
A64: 56 | B64: =C59+5/1440 -> 0.67013889 | D64: 종료+5분 | E64: 종료 후 | F64: 종료 직후 정리 | G64: Key Findings 3개, 인용 발언 3개(번호·시각), 정량조사와 상이한 지점, 차기 회차 보완 사항(질문 순서·시간 배분·송출 자료) 기입 | I64: PM 주관 · 전원
A65: 57 | B65: =C59+30/1440 -> 0.6875 | D65: 종료+30분 | E65: 종료 후 | F65: 철수 | G65: 패킹리스트 ‘도착’ 역순 확인, 원상 복구, 퇴실 | I65: 전원
E67: 파트 소요 합계(분) | F67: =SUMIF(F9:F65,"파트",D9:D65) -> 120 | G67: =IF(F67=120,"OK — 120분","확인 필요: 파트 합이 120분이 아님") -> OK — 120분
E68: 예정 종료 | F68: =C59 -> 0.66666667
A70: 범례: 회색=당일 준비 · 파란 굵은 행=파트 헤더(소요 분은 파란 글씨 입력값) · 하늘색=송출 · 노랑=거수 · 연두=평가지 · 주황=종료 후. 시각은 C4 시작 시각에서 자동 계산.
A71: 출처: 스포츠안전재단 FGI 실행계획안 및 진행 시나리오 v0.9.1(2026-09-05), 회차별 현장 기록 문서 v0.7, 클라이언트 추가요구사항(2026-09-03).

Sheet 공유용_요약
A1: 스포츠안전재단 손해구제 서비스 FGI 진행 시간표 (공유용)
A2: 주관: 코리아스픽스 · 회당 120분 · 도입 10분 → 인터뷰 100분 → 마무리 10분. 시각은 각 회차 큐시트의 시작 시각과 연동된다.
A4: 그룹 1 · 사업 이용 고객 · 2026-09-07(월) · 패스트파이브 서울역점 (서울 용산구 동자동 56 트윈시티 남산2)
A5: 회차 | B5: 시작 | C5: 종료 | D5: 소요(분) | E5: 파트 | F5: 송출 · 안내
A6: 그룹 1 · 사업 이용 고객 | B6: =G1_큐시트!B18 -> 14:00 | C6: =G1_큐시트!C18 -> 0.59027778 | D6: =G1_큐시트!D18 -> 10 | E6: 도입 | F6: 사업명 변경 안내
A7: 그룹 1 · 사업 이용 고객 | B7: =G1_큐시트!B29 -> 0.59027778 | C7: =G1_큐시트!C29 -> 0.59722222 | D7: =G1_큐시트!D29 -> 10 | E7: 인지·가입 경로
A8: 그룹 1 · 사업 이용 고객 | B8: =G1_큐시트!B34 -> 0.59722222 | C8: =G1_큐시트!C34 -> 0.60763889 | D8: =G1_큐시트!D34 -> 15 | E8: 가입 절차 (정량 A 연동) | F8: 재단 홈페이지 가입 화면 · AI 상담 화면
A9: 그룹 1 · 사업 이용 고객 | B9: =G1_큐시트!B42 -> 0.60763889 | C9: =G1_큐시트!C42 -> 0.61458333 | D9: =G1_큐시트!D42 -> 10 | E9: 콜센터·고객센터 (정량 B 연동)
A10: 그룹 1 · 사업 이용 고객 | B10: =G1_큐시트!B47 -> 0.61458333 | C10: =G1_큐시트!C47 -> 0.62152778 | D10: =G1_큐시트!D47 -> 10 | E10: 상품 정보 이해 (정량 C 연동)
A11: 그룹 1 · 사업 이용 고객 | B11: =G1_큐시트!B52 -> 0.62152778 | C11: =G1_큐시트!C52 -> 0.63194444 | D11: =G1_큐시트!D52 -> 15 | E11: 상품·회비 (정량 D 연동)
A12: 그룹 1 · 사업 이용 고객 | B12: =G1_큐시트!B58 -> 0.63194444 | C12: =G1_큐시트!C58 -> 0.64583333 | D12: =G1_큐시트!D58 -> 20 | E12: 보험금 청구 (정량 E 연동 · 청구 경험자 중심)
A13: 그룹 1 · 사업 이용 고객 | B13: =G1_큐시트!B67 -> 0.64583333 | C13: =G1_큐시트!C67 -> 0.65277778 | D13: =G1_큐시트!D67 -> 10 | E13: 법·제도 인식 | F13: 법령 안내 슬라이드
A14: 그룹 1 · 사업 이용 고객 | B14: =G1_큐시트!B77 -> 0.65277778 | C14: =G1_큐시트!C77 -> 0.65972222 | D14: =G1_큐시트!D77 -> 10 | E14: 종합·NPS·신규 수요
A15: 그룹 1 · 사업 이용 고객 | B15: =G1_큐시트!B87 -> 0.65972222 | C15: =G1_큐시트!C87 -> 0.66666667 | D15: =G1_큐시트!D87 -> 10 | E15: 마무리
A17: 그룹 2 · 사업협력 단체 · 2026-09-08(화) · 스포츠안전재단 교육장 (서울 송파구 올림픽로 424, 올림픽공원 테니스경기장 3층)
A18: 회차 | B18: 시작 | C18: 종료 | D18: 소요(분) | E18: 파트 | F18: 송출 · 안내
A19: 그룹 2 · 사업협력 단체 | B19: =G2_큐시트!B18 -> 14:00 | C19: =G2_큐시트!C18 -> 0.59027778 | D19: =G2_큐시트!D18 -> 10 | E19: 도입 | F19: 사업명 변경 안내 · 특장점 3가지 슬라이드 · 서면 평가지 작성
A20: 그룹 2 · 사업협력 단체 | B20: =G2_큐시트!B31 -> 0.59027778 | C20: =G2_큐시트!C31 -> 0.60416667 | D20: =G2_큐시트!D31 -> 20 | E20: 협업 경험
A21: 그룹 2 · 사업협력 단체 | B21: =G2_큐시트!B38 -> 0.60416667 | C21: =G2_큐시트!C38 -> 0.61805556 | D21: =G2_큐시트!D38 -> 20 | E21: 제도 연계 | F21: 법령 안내 슬라이드
A22: 그룹 2 · 사업협력 단체 | B22: =G2_큐시트!B49 -> 0.61805556 | C22: =G2_큐시트!C49 -> 0.63194444 | D22: =G2_큐시트!D49 -> 20 | E22: 회원·산하단체 안내
A23: 그룹 2 · 사업협력 단체 | B23: =G2_큐시트!B55 -> 0.63194444 | C23: =G2_큐시트!C55 -> 0.64236111 | D23: =G2_큐시트!D55 -> 15 | E23: 정책적 역할
A24: 그룹 2 · 사업협력 단체 | B24: =G2_큐시트!B59 -> 0.64236111 | C24: =G2_큐시트!C59 -> 0.65277778 | D24: =G2_큐시트!D59 -> 15 | E24: 개선 제안·협력 확대
A25: 그룹 2 · 사업협력 단체 | B25: =G2_큐시트!B66 -> 0.65277778 | C25: =G2_큐시트!C66 -> 0.65972222 | D25: =G2_큐시트!D66 -> 10 | E25: 예비
A26: 그룹 2 · 사업협력 단체 | B26: =G2_큐시트!B68 -> 0.65972222 | C26: =G2_큐시트!C68 -> 0.66666667 | D26: =G2_큐시트!D68 -> 10 | E26: 마무리
A28: 그룹 3 · 손해구제 전문가 · 2026-09-15(화) · 패스트파이브 삼성1호점 (서울 강남구 테헤란로87길 36 City Airport Tower 24층)
A29: 회차 | B29: 시작 | C29: 종료 | D29: 소요(분) | E29: 파트 | F29: 송출 · 안내
A30: 그룹 3 · 손해구제 전문가 | B30: =G3_큐시트!B18 -> 14:00 | C30: =G3_큐시트!C18 -> 0.59027778 | D30: =G3_큐시트!D18 -> 10 | E30: 도입 | F30: 사업명 변경 안내 · 특장점 3가지 슬라이드 · 서면 평가지 작성
A31: 그룹 3 · 손해구제 전문가 | B31: =G3_큐시트!B31 -> 0.59027778 | C31: =G3_큐시트!C31 -> 0.60763889 | D31: =G3_큐시트!D31 -> 25 | E31: 시장 포지셔닝 진단
A32: 그룹 3 · 손해구제 전문가 | B32: =G3_큐시트!B37 -> 0.60763889 | C32: =G3_큐시트!C37 -> 0.61805556 | D32: =G3_큐시트!D37 -> 15 | E32: 차별성 검증
A33: 그룹 3 · 손해구제 전문가 | B33: =G3_큐시트!B42 -> 0.61805556 | C33: =G3_큐시트!C42 -> 0.62847222 | D33: =G3_큐시트!D42 -> 15 | E33: 리스크 진단
A34: 그룹 3 · 손해구제 전문가 | B34: =G3_큐시트!B45 -> 0.62847222 | C34: =G3_큐시트!C45 -> 0.63888889 | D34: =G3_큐시트!D45 -> 15 | E34: 청구 프로세스 평가
A35: 그룹 3 · 손해구제 전문가 | B35: =G3_큐시트!B50 -> 0.63888889 | C35: =G3_큐시트!C50 -> 0.64583333 | D35: =G3_큐시트!D50 -> 10 | E35: 법·제도 인식 | F35: 법령 안내 슬라이드
A36: 그룹 3 · 손해구제 전문가 | B36: =G3_큐시트!B57 -> 0.64583333 | C36: =G3_큐시트!C57 -> 0.65972222 | D36: =G3_큐시트!D57 -> 20 | E36: 개선·발전 방향
A37: 그룹 3 · 손해구제 전문가 | B37: =G3_큐시트!B66 -> 0.65972222 | C37: =G3_큐시트!C66 -> 0.66666667 | D37: =G3_큐시트!D66 -> 10 | E37: 마무리
A39: 그룹 4 · 재단 내부 관계자 · 2026-09-17(목) · 스포츠안전재단 교육장 (서울 송파구 올림픽로 424, 올림픽공원 테니스경기장 3층)
A40: 회차 | B40: 시작 | C40: 종료 | D40: 소요(분) | E40: 파트 | F40: 송출 · 안내
A41: 그룹 4 · 재단 내부 관계자 | B41: =G4_큐시트!B18 -> 14:00 | C41: =G4_큐시트!C18 -> 0.59027778 | D41: =G4_큐시트!D18 -> 10 | E41: 도입 | F41: 사업명 변경 안내
A42: 그룹 4 · 재단 내부 관계자 | B42: =G4_큐시트!B29 -> 0.59027778 | C42: =G4_큐시트!C29 -> 0.60416667 | D42: =G4_큐시트!D29 -> 20 | E42: 운영 현황
A43: 그룹 4 · 재단 내부 관계자 | B43: =G4_큐시트!B33 -> 0.60416667 | C43: =G4_큐시트!C33 -> 0.61458333 | D43: =G4_큐시트!D33 -> 15 | E43: 내부 인식
A44: 그룹 4 · 재단 내부 관계자 | B44: =G4_큐시트!B38 -> 0.61458333 | C44: =G4_큐시트!C38 -> 0.62152778 | D44: =G4_큐시트!D38 -> 10 | E44: 법·제도 인식 | F44: 법령 안내 슬라이드
A45: 그룹 4 · 재단 내부 관계자 | B45: =G4_큐시트!B46 -> 0.62152778 | C45: =G4_큐시트!C46 -> 0.63541667 | D45: =G4_큐시트!D46 -> 20 | E45: 개선 과제
A46: 그룹 4 · 재단 내부 관계자 | B46: =G4_큐시트!B51 -> 0.63541667 | C46: =G4_큐시트!C51 -> 0.64583333 | D46: =G4_큐시트!D51 -> 15 | E46: 자원·제도적 제약
A47: 그룹 4 · 재단 내부 관계자 | B47: =G4_큐시트!B54 -> 0.64583333 | C47: =G4_큐시트!C54 -> 0.65972222 | D47: =G4_큐시트!D54 -> 20 | E47: 향후 방향 | F47: 서면 평가지 작성
A48: 그룹 4 · 재단 내부 관계자 | B48: =G4_큐시트!B59 -> 0.65972222 | C48: =G4_큐시트!C59 -> 0.66666667 | D48: =G4_큐시트!D59 -> 10 | E48: 마무리
A50: 참석자 등록은 시작 10분 전부터. 시작 후 10분까지 입장 가능. 사후 서면 의견은 종료 후 3영업일 이내 접수.
